inci_id,offense,date_rept,street,latitude,longitude,date_occu,csstatus
2004000784,,3/15/04 0:00,BYNUM HALL,35.9117073,-79.0497769,3/15/04 0:00,
2004000785,,3/15/04 0:00,MANNING AT EAST DRIVE,35.9034002,-79.0516384,3/15/04 0:00,
2004000786,,3/15/04 0:00,EAST / MANNNG,33.6951627,-80.2109134,3/15/04 0:00,
2004000787,,3/15/04 0:00,MANNING AT LINEBERGER,35.9044695,-79.04982629999999,3/15/04 0:00,
2004000788,,3/15/04 0:00,HA I CARDINAL PARKING UNC,35.9039886,-79.0495033,3/15/04 0:00,
2004000789,,3/15/04 0:00,BENNET BUILDING LOT,33.37882099999999,-81.98279800000002,3/15/04 0:00,
2004000790,LARCENY/MISDEMEANOR,3/15/04 0:00,DAVIS WALTER R LIBRARY UNC,35.9049122,-79.0469134,3/15/04 0:00,4
2004000791,,3/15/04 0:00,MANNING AND SKIPPER BOWLES,35.9009838,-79.0400063,3/15/04 0:00,
2004000792,,3/15/04 0:00,SKIPPER BOWLES AND MANNING DR,35.9009838,-79.0400063,3/15/04 0:00,
2004000793,,3/16/04 0:00,PITTSBORO AND SCHOOL OF SOCIAL WORK,35.9071171,-79.0542213,3/16/04 0:00,
2004000794,,3/16/04 0:00,MANNING DR AND THE HOSPITAL,35.89866,-79.0378815,3/16/04 0:00,
2004000795,,3/16/04 0:00,WILSON ST AND CAMERON,35.9096425,-79.05708419999999,3/16/04 0:00,
2004000796,,3/16/04 0:00,MCCAULEY LOT,53.5288055,-113.523932,3/16/04 0:00,
2004000797,,3/16/04 0:00,HOSPITALS UNIV OF NC UNC,35.9049122,-79.0469134,3/16/04 0:00,
2004000798,,3/16/04 0:00,S COLUMBIA ST/E CAMERON AVE,37.7533398,-78.1606181,3/16/04 0:00,
2004000799,,3/16/04 0:00,NC CHILDREN`S HOSPIT UNC,35.9049201,-79.0505522,3/16/04 0:00,
2004000800,,3/16/04 0:00,BOWLES PARKING LOT UNC,Failure on BOWLES PARKING LOT UNC,Failure on BOWLES PARKING LOT UNC,3/16/04 0:00,
2004000801,,3/16/04 0:00,,Failure on ,Failure on ,3/16/04 0:00,
2004000802,,3/16/04 0:00,S COLUMBIA/CHURCH OF CHRIST,33.9986439,-81.1116686,3/16/04 0:00,
2004000803,TRESPASSING - SECOND DEGREE,3/16/04 0:00,ALEXANDER UNC,35.9049122,-79.0469134,3/16/04 0:00,2
2004000804,,3/16/04 0:00,MANNING DR/HOSPITAL DR,35.90356,-79.05185999999999,3/16/04 0:00,
2004000805,EMS CALL,3/16/04 0:00,MEDICAL DRIVE,29.5116856,-98.57042109999999,3/16/04 0:00,1
2004000806,CALLS FOR SERVICE,3/16/04 0:00,LENOIR HALL DINING ROOM 2ND. FLR.,35.910521,-79.0487036,3/16/04 0:00,2
2004000807,VANDALISM - DAMAGE TO PROPERTY OR PERSONAL PROP,3/16/04 0:00,EHRINGHAUS UNC,35.9039316,-79.04265579999999,3/10/04 0:00,2
2004000808,,3/16/04 0:00,HINTON JAMES LOWER LOT,Failure on HINTON JAMES LOWER LOT,Failure on HINTON JAMES LOWER LOT,3/16/04 0:00,
2004000809,WALLET AND CELL PHONE,3/16/04 0:00,DAVIS LIBRARY,38.5567645,-121.7470651,3/16/04 0:00,4
2004000810,DRUG VIOLATION,3/17/04 0:00,TEAGUE UNC,35.9044647,-79.04482709999999,3/17/04 0:00,3
2004000811,,3/17/04 0:00,PUBLIC SAFETY BUILDING UNC,35.9042197,-79.04736609999999,3/17/04 0:00,
2004000812,LARCENY FROM A VEHICLE,3/17/04 0:00,PARK AND RIDE LOT,43.1478027,-89.2862811,2/27/04 0:00,4
2004000813,HARASSING PHONE CALLS,3/17/04 0:00,PARKER UNC,35.9044647,-79.04482709999999,1/21/04 0:00,4
2004000814,,3/17/04 0:00,MANNING DR/S FORDHAM BLVD,42.646157,-73.800732,3/17/04 0:00,
2004000815,LARCENY - MISDEMEANOR,3/17/04 0:00,ALUMNI UNC,35.9070398,-79.0453335,3/16/04 0:00,3
2004000816,,3/17/04 0:00,ADMINISTRATIVE OFFICE UNC,35.908746,-79.0295977,3/17/04 0:00,
2004000817,,3/17/04 0:00,S COLUBIA/ACKALND ART,35.912627,-79.05506299999999,3/17/04 0:00,
2004000819,,3/17/04 0:00,AIRPORT RD  730 BOLIN UNC,Failure on AIRPORT RD  730 BOLIN UNC,Failure on AIRPORT RD  730 BOLIN UNC,3/17/04 0:00,
2004000821,CALLS FOR SERVICE,3/17/04 0:00,HINTON JAMES DORM,35.9023847,-79.0432848,3/17/04 0:00,2
2004000824,ASSAULT - COMMUNICATE THREATS,3/17/04 0:00,VAN HECKEWETTCH UNC,35.9049122,-79.0469134,3/17/04 0:00,2
2004000947,VANDALISM - DAMAGE TO PROPERTY OR PERSONAL PROP,3/17/04 0:00,RAMSHEAD PARKING LOT UNC,35.9060511,-79.0456797,3/16/04 0:00,1
2004000818,LARCENY/MISDEMEANOR,3/17/04 19:34,DAVIS LIBRARY,38.5567645,-121.7470651,3/17/04 17:20,2
2004000820,SUSPICIOUS CONDITION,3/17/04 21:10,WOOLLEN GYM UNC,35.9091438,-79.0470491,3/17/04 21:10,4
2004000822,LARCENY/MISDEMEANOR,3/17/04 22:40,CARROLL UNC,35.910215,-79.05184799999999,3/17/04 21:40,4
2004000823,,3/18/04 0:00,LEVEL 5 CRAIGE DECK,Failure on LEVEL 5 CRAIGE DECK,Failure on LEVEL 5 CRAIGE DECK,3/18/04 0:00,
2004000825,,3/18/04 0:00,STADIUM DR/RIDGE RD,35.90678,-79.04469999999999,3/18/04 0:00,
2004000826,,3/18/04 0:00,HOSP ER DR,33.4829634,-82.09018069999999,3/18/04 0:00,
2004000828,,3/18/04 0:00,MANNING DR/MORRISON DR,-31.9987702,115.87023,3/18/04 0:00,
2004000829, MISDEMEANOR-LARCENY,3/18/04 0:00,KENAN FIELD HOUSE UNC,35.9068152,-79.0477324,3/18/04 0:00,4
2004000830,,3/18/04 0:00,KENAN STADIUM UNC,35.9068152,-79.0477324,3/18/04 0:00,
2004000831,,3/18/04 0:00,S COLUMBIA,34.0007104,-81.0348144,3/18/04 0:00,
2004000827,EMBEZZLEMENT - LARC BY EMPLOYEES,3/18/04 17:20,MASON FARM RD,35.8988843,-79.0498703,8/14/99 0:00,3
2004000832,SUSPICIOUS CONDITIONS,3/19/04 0:00,JOYNER UNC,Failure on JOYNER UNC,Failure on JOYNER UNC,3/18/04 0:00,4
2004000833,VANDALISM - DAMAGE TO REAL PROPERTY,3/19/04 0:00,GEORGE WATTS HILL ALUMNI,35.9068863,-79.04568040000001,3/19/04 0:00,2
2004000834,,3/19/04 0:00,TO MAGISTRATE`S OFFICE,29.4212241,-98.5050048,3/19/04 0:00,
2004000835,,3/19/04 0:00,ABERNETHY UNC,35.9114677,-79.0542957,3/19/04 0:00,
2004000836,SUSPICIOUS CONDITIONS,3/19/04 0:00,AMBULATORY CARE,39.101857,-77.1906985,3/17/04 0:00,2
2004000837,LARCENY/MISDEMEANOR,3/19/04 0:00,WOOLLEN GYM UNC,35.9091438,-79.0470491,3/19/04 0:00,4
2004000839,VANDALISM - DAMAGE TO PROPERTY OR PERSONAL PROP,3/20/04 0:00,HINTON JAMES SOUTH,37.672753,-80.88807369999999,3/20/04 0:00,4
2004000840,TRESPASS - FIRST DEGREE,3/20/04 0:00,LENOIR UNC,35.9114163,-79.04823909999999,3/20/04 0:00,2
2004000841,VANDALISM - DAMAGE TO PROPERTY OR PERSONAL PROP,3/20/04 0:00,HINTON JAMES SOUTH,37.672753,-80.88807369999999,3/20/04 0:00,4
2004000842,,3/20/04 0:00,FRANKLIN ST ACROSS FROM MOREHEAD PLANETA,Failure on FRANKLIN ST ACROSS FROM MOREHEAD PLANETA,Failure on FRANKLIN ST ACROSS FROM MOREHEAD PLANETA,3/20/04 0:00,
2004000838,VANDALISM - CONSTRUCTION TRAILER,3/20/04 8:36,EHRINGHAUS FIELD,35.9051448,-79.04420089999999,3/19/04 17:00,2
2004000843,LARCENY FROM A BUILDING,3/21/04 0:00,STADIUM DR,42.2587365,-85.67938649999999,3/20/04 0:00,2
2004000844,,3/21/04 0:00,MANNING AND RIDGE,35.9036676,-79.0443537,3/21/04 0:00,
2004000845,ASSIST EMS,3/21/04 0:00,CRAIGE PARKING DECK UNC,Failure on CRAIGE PARKING DECK UNC,Failure on CRAIGE PARKING DECK UNC,3/21/04 0:00,2
2004000846,EMS ASSIST,3/21/04 0:00,ATM DR,32.87343,-96.45262799999999,3/21/04 0:00,2
2004000849,,3/21/04 0:00,MCCAULEY STREET PARKING LOT,35.914759,-79.05423630000001,3/21/04 0:00,
2004000850,,3/21/04 0:00,EMERSON DR,35.8489484,-78.63696,3/21/04 0:00,
2004000851,,3/21/04 0:00,SOUTH ROAD @ WOOLEN GYM,35.910182,-79.045154,3/21/04 0:00,
2004000852,,3/21/04 0:00,FRANKLIN STREET,37.7906891,-122.4240929,3/21/04 0:00,
2004000853,LARCENY/MISDEMEANOR,3/21/04 0:00,MANLY UNC,35.9049122,-79.0469134,3/18/04 0:00,4
2004000847,FOUND PROPERTY,3/21/04 11:40,LENOIR HALL,35.9105969,-79.04874819999999,3/21/04 11:00,2
2004000848,VANDALISM - DAMAGE TO PROPERTY OR PERSONAL PROP,3/21/04 13:45,HA II DOGWOOD PARKING UNC,35.902462,-79.05161700000001,3/17/04 8:00,2
2004000854,,3/22/04 0:00,DAVIS WALTER R LIBRARY UNC,35.9049122,-79.0469134,3/22/04 0:00,
2004000855,EMS ASSIST,3/22/04 0:00,STEELE BUILDING ROOM 213,43.9226718,-71.68611179999999,3/22/04 0:00,2
2004000857,EMS ASSIST,3/22/04 0:00,PHILLIPS HALL,41.6618022,-91.53420179999999,3/22/04 0:00,2
2004000858,,3/22/04 0:00,RALEIGH RD,35.4808003,-78.5251924,3/22/04 0:00,
2004000859,,3/22/04 0:00,BELL TOWER,26.5494838,-81.8681417,3/22/04 0:00,
2004000856,TRESPASSING - SECOND DEGREE,3/22/04 14:46,HOUSE LIBRARY R B UNC,35.909779,-79.049027,3/22/04 14:45,2
2004000860,,3/23/04 0:00,MANNING DR NEAR EAST DRIVE,40.851229,-73.31065699999999,3/23/04 0:00,
2004000861,CALLS FOR SERVICE EMS  SERVICES,3/23/04 0:00,FETZER GYM ROBERT A UNC,35.9049122,-79.0469134,3/23/04 0:00,2
2004000862,,3/23/04 0:00,HOSP DRIVE MANNING DR,35.9039886,-79.0495033,3/23/04 0:00,
2004000863,,3/23/04 0:00,HINTON JAMES PARKING LOT UNC,35.9023847,-79.0432848,3/23/04 0:00,
2004000864,,3/23/04 0:00,CHASE HALL,42.5892741,-70.8210538,3/23/04 0:00,
2004000865,,3/23/04 0:00,MANNING @ ER DRIVE,35.9029639,-79.04884679999999,3/23/04 0:00,
2004000866,,3/23/04 0:00,RIDGE RD,41.2580425,-81.7449204,3/23/04 0:00,
2004000867,,3/23/04 0:00,RALEIGH RD @ CHANCELORS RES,35.7480542,-78.697823,3/23/04 0:00,
2004000868,,3/23/04 0:00,MOREHEAD PLANETARIUM UNC,35.9139033,-79.05051,3/23/04 0:00,
2004000870, VANDALISM-DAMAGE TO PROPERTY,3/23/04 0:00,MORRISON UNC,35.9045132,-79.0462075,3/23/04 0:00,2
2004000871,,3/23/04 0:00,VAN HECKEWETTCH UNC,35.9049122,-79.0469134,3/23/04 0:00,
2004000872,,3/23/04 0:00,CHANCELLOR`S RESIDENCE,38.95591719999999,-95.24238369999999,3/23/04 0:00,
2004000873,,3/23/04 0:00,RIDGE RD,41.2580425,-81.7449204,3/23/04 0:00,
2004000874,,3/23/04 0:00,RALEIGH ST/E FRANKLIN ST,35.7899027,-78.6322082,3/23/04 0:00,
2004000875,,3/23/04 0:00,W CAMERON AVE/PITTSBORO ST,35.91011,-79.05570999999999,3/23/04 0:00,
2004000876,,3/23/04 0:00,DAVIS DR,Failure on DAVIS DR,Failure on DAVIS DR,3/23/04 0:00,
2004000869,CALLS FOR SERVICE/ VEHICLE DAMAGED,3/23/04 14:36,PUBLIC SAFETY BUILDING UNC,35.9042197,-79.04736609999999,1/2/03 0:00,2
2004000877,,3/24/04 0:00,W CAMERON AVE/PITTSBORO ST,35.91011,-79.05570999999999,3/24/04 0:00,
2004000878,,3/24/04 0:00,COUNTRY CLUB RD/BATTLE LN,40.5282673,-86.80318439999999,3/24/04 0:00,
2004000879,,3/24/04 0:00,CAROLINA INN UNC,35.9099368,-79.05456020000001,3/24/04 0:00,
2004000880,,3/24/04 0:00,W CAMERON AVE/RANSOM ST,29.87578899999999,-93.935425,3/24/04 0:00,
2004000881,,3/24/04 0:00,PITTSBORO ST,35.9071584,-79.05477560000001,3/24/04 0:00,
2004000882,,3/24/04 0:00,PITTSBORO ST/54 RAMP,Failure on PITTSBORO ST/54 RAMP,Failure on PITTSBORO ST/54 RAMP,3/24/04 0:00,
2004000883,,3/24/04 0:00,SOUTH COLUMBIA/FRANKLIN,35.8953511,-86.877314,3/24/04 0:00,
2004000884,,3/24/04 0:00,MANNING DRIVE NEAR HINTON JAMES,35.9033775,-79.04389359999999,3/24/04 0:00,
2004000885,,3/24/04 0:00,EAST DR AND MANNING,35.9034002,-79.0516384,3/24/04 0:00,
2004000886,,3/24/04 0:00,CRESCENT  @ STUDENT HEALTH,33.8397025,-117.9588395,3/24/04 0:00,
2004000887,CALLS FOR SERVICE,3/24/04 0:00,DOGWOOD PARKING DECK,35.902462,-79.05161700000001,3/24/04 0:00,2
2004000890,CALLS FOR SERVICE,3/24/04 0:00,ABULATORY CARE CENTER (ACC),35.90054,-79.0562893,3/24/04 0:00,2
2004000892,,3/24/04 0:00,WEST DR MANNING,41.9077901,-95.0733472,3/24/04 0:00,
2004000895,,3/24/04 0:00,MANNING AND DENTAL SCHOOL,35.9052623,-79.0509735,3/24/04 0:00,
2004000896,,3/24/04 0:00,RIDGE RD AND LAW PROGRAMS,35.9087128,-79.0424634,3/24/04 0:00,
2004000898,,3/24/04 0:00,COBB DR,32.840744,-117.1890615,3/24/04 0:00,
2004000889,CALLS FOR SERVICE/SUSPICIOUS CONDITIONS,3/24/04 12:08,  CHAPEL HILL NORTH,35.966873,-79.056833,3/22/04 0:00,2
2004000893,VANDALISM - DAMAGE TO PROPERTY OR PERSONAL PROP,3/24/04 18:38,SKIPPER BOWLES LOT,35.9015634,-79.0447056,3/24/04 7:00,2
2004000894,FOUND PROPERTY,3/24/04 19:46,MANNING LOT,35.9000873,-79.0395874,3/24/04 8:46,2
2004000897,LARCENY/MISDEMEANOR,3/24/04 22:15,STUDENT RECREATION CENTER,33.978864,-117.3281132,3/24/04 20:00,4
2004000899,,3/25/04 0:00,MCCAULEY LOT,53.5288055,-113.523932,3/25/04 0:00,
2004000900,,3/25/04 0:00,S COLUMBIA ST AND MASON FARM,35.9020137,-79.0570286,3/25/04 0:00,
2004000901,,3/25/04 0:00,PITTSBORO/MASON FARM,Failure on PITTSBORO/MASON FARM,Failure on PITTSBORO/MASON FARM,3/25/04 0:00,
2004000902,,3/25/04 0:00,THURSTONBOWLES CENTER UNC,35.9038344,-79.0544798,3/25/04 0:00,
2004000903,,3/25/04 0:00,EAST DR AT MANNING,35.9034002,-79.0516384,3/25/04 0:00,
2004000904,,3/25/04 0:00,WEST DR @ MANNING,35.9037368,-79.05265460000001,3/25/04 0:00,
2004000905,,3/25/04 0:00,MANNING DR @ DOGWOOD DECK,35.902462,-79.05161700000001,3/25/04 0:00,
2004000906,,3/25/04 0:00,MANNING @ EAST DR,35.9034002,-79.0516384,3/25/04 0:00,
2004000907,,3/25/04 0:00,HOUSE LIBRARY R B UNC,35.909779,-79.049027,3/25/04 0:00,
2004000908,,3/25/04 0:00,WILSON LIBRARY UNC,35.9094345,-79.04972769999999,3/25/04 0:00,
2004000909,,3/25/04 0:00,MANNING AND FORDHAM,35.8985579,-79.0361626,3/25/04 0:00,
2004000910,,3/25/04 0:00,BELL TOWER LOT,35.9067103,-79.0500641,3/25/04 0:00,
2004000911,,3/25/04 0:00,RALEIGH ST AND CAMERON,35.91318589999999,-79.0478864,3/25/04 0:00,
2004000912,,3/25/04 0:00,MANNING AND SKIPPER BOWLES,35.9009838,-79.0400063,3/25/04 0:00,
2004000913,,3/25/04 0:00,MANNING DR/HOSPITAL DR,35.90356,-79.05185999999999,3/25/04 0:00,
2004000914,WELL BEING CHECK,3/26/04 0:00,FRIDAY CENTER,35.8998684,-79.0125415,3/26/04 0:00,2
2004000916,,3/26/04 0:00,S COLUMBIA AND MERRITT STORE,35.8960387,-79.0582702,3/26/04 0:00,
2004000917,,3/26/04 0:00,MANNING AND THURSTON BOWLES,35.9038441,-79.0544743,3/26/04 0:00,
2004000918,,3/26/04 0:00,EHAUS RIDGE PARKING LOT UNC,Failure on EHAUS RIDGE PARKING LOT UNC,Failure on EHAUS RIDGE PARKING LOT UNC,3/26/04 0:00,
2004000919,DRUNK AND DISRUPTIVE,3/26/04 0:00,CRAIGE NORTH UNC,35.903533,-79.0459004,3/26/04 0:00,3
2004000922,,3/26/04 0:00,S-11 LOTS BUSINESS DECK,Failure on S-11 LOTS BUSINESS DECK,Failure on S-11 LOTS BUSINESS DECK,3/26/04 0:00,
2004000923,,3/26/04 0:00,COUNTRY CLUB @ SOUTH RD,35.9109365,-79.0417719,3/26/04 0:00,
2004000924,,3/26/04 0:00,BOWLES DR AT MANNING,35.9009838,-79.0400063,3/26/04 0:00,
2004000925,,3/26/04 0:00,DOGWOOD@ EAST DR,35.8713391,-84.550617,3/26/04 0:00,
2004000926,,3/26/04 0:00,MANNING DRVE,35.9045235,-79.0499541,3/26/04 0:00,
2004000927,LARCENY - MISDEMEANOR,3/26/04 0:00,HA II DOGWOOD PARKING UNC,35.902462,-79.05161700000001,3/26/04 0:00,2
2004000928,,3/26/04 0:00,PUBLIC SAFETY BUILDING UNC,35.9042197,-79.04736609999999,3/26/04 0:00,
2004000929,SUSPICIOUS CONDITIONS,3/26/04 0:00,MLCLR BIO RES LABGLAX UNC,Failure on MLCLR BIO RES LABGLAX UNC,Failure on MLCLR BIO RES LABGLAX UNC,3/26/04 0:00,2
2004000935,,3/26/04 0:00,EHRINGHAUS UNC,35.9039316,-79.04265579999999,3/26/04 0:00,
2004000915,HARASSING TELEPHONE CALLS,3/26/04 0:17,PARKER DORM UNC,Failure on PARKER DORM UNC,Failure on PARKER DORM UNC,3/26/04 0:00,4
2004000920,VANDALISM - DAMAGE TO PROPERTY OR PERSONAL PROP,3/26/04 3:38,HINTON JAMES SOUTH,37.672753,-80.88807369999999,3/26/04 3:25,2
2004000930,LARCENY - MISDEMEANOR,3/26/04 17:21,KENAN FOOTBALL CENTER,35.9074136,-79.0490243,3/24/04 15:00,4
2004000933,DAMAGE TO PROPERTY,3/26/04 22:43,CARMICHAEL AUDITORIUM UNC,35.9095693,-79.0454614,3/26/04 0:00,2
2004000936,LARCENY - MISDEMEANOR,3/27/04 0:00,CARDINAL PARKING DECK,35.902462,-79.05161700000001,3/27/04 0:00,3
2004000937,LARCENY - MISDEMEANOR,3/27/04 0:00,CHASE HALL,42.5892741,-70.8210538,3/27/04 0:00,3
2004000938,VANDALISM - DAMAGE TO PROPERTY (VEHICLE),3/27/04 0:00,RIDGE RD,41.2580425,-81.7449204,3/27/04 0:00,2
2004000940,CALLS FOR SERVICE-EMS ASSIST,3/27/04 0:00,FETZER GYM ROBERT A UNC,35.9049122,-79.0469134,3/27/04 0:00,2
2004000941,VANDALISM - DAMAGE TO PROPERTY OR PERSONAL PROP,3/27/04 19:09,MANLY DORM,40.5358646,-74.23719270000001,3/27/04 6:00,2
2004000942,TRESPASSING - SECOND DEGREE,3/28/04 0:00,FRANK PORTER GRAHAM STUDENT UNION,35.9099907,-79.04766889999999,3/28/04 0:00,3
2004000943,,3/28/04 0:00,AREA ONE NORTH SIDE,40.7190424,-73.96344289999999,3/28/04 0:00,
2004000944,,3/28/04 0:00,CAROLINA CLUB,35.9069319,-79.04577789999999,3/28/04 0:00,
2004000945,CALLS FOR SERVICE-EMS ASSIST,3/28/04 0:00,INTRAMURAL FIELD,36.5330975,-87.3561417,3/28/04 0:00,2
2004000946,,3/28/04 0:00,MANNING / 501,36.1092271,-79.51576469999999,3/28/04 0:00,
2004000948,,3/29/04 0:00,LOWER H JAMES,29.9356334,-90.0776697,3/29/04 0:00,
2004000949,,3/29/04 0:00,WEST DR/MASON FARM RD,35.9004495,-79.0562115,3/29/04 0:00,
2004000951,,3/29/04 0:00,BPW CLUB RD,35.8955136,-79.0812878,3/29/04 0:00,
2004000952,,3/29/04 0:00,PITTSBORO ST/MCCAULEY ST,Failure on PITTSBORO ST/MCCAULEY ST,Failure on PITTSBORO ST/MCCAULEY ST,3/29/04 0:00,
2004000953,,3/29/04 0:00,WEST DRIVE,33.9559774,-116.5100879,3/29/04 0:00,
2004000954,,3/29/04 0:00,S COLUMBIA @FRANKLIN,Failure on S COLUMBIA @FRANKLIN,Failure on S COLUMBIA @FRANKLIN,3/29/04 0:00,
2004000955,,3/29/04 0:00,HIBBARD DR. PVA,Failure on HIBBARD DR. PVA,Failure on HIBBARD DR. PVA,3/29/04 0:00,
2004000957,,3/29/04 0:00,MORRISON UNC,35.9045132,-79.0462075,3/29/04 0:00,
2004000958,VANDALISM - DAMAGE TO REAL PROPERTY,3/29/04 0:00,BATTLE LANE,39.333808,-75.044992,3/28/04 0:00,2
2004000959,,3/29/04 0:00,HINTON JAMES NORTH UNC,35.9044647,-79.04482709999999,3/29/04 0:00,
2004000961,,3/29/04 0:00,BUSINESS SCHOOL PARKI UNC,35.8996959,-79.04623149999999,3/29/04 0:00,
2004000950,LARCENY OF TEMP LICENSE PLATE,3/29/04 10:41,PARKING LOT,39.9591814,-75.60435000000001,3/27/04 23:00,4
2004000960,TRESPASSING - SECOND DEGREE,3/29/04 17:07,DANIELSSTUDENT STORES UNC,35.9098052,-79.0483434,3/29/04 17:07,1
2004000962,STRONG ARM ROBBERY,3/30/04 0:00,EHRINGHAUS UNC,Failure on EHRINGHAUS UNC,Failure on EHRINGHAUS UNC,3/30/04 0:00,4
2004000963,,3/30/04 0:00,S1 PARKING LOT,47.6497149,-122.3102973,3/30/04 0:00,
2004000964,,3/30/04 0:00,RALEIGH RD NEAR HWY 54 LOT,35.9113322,-79.039923,3/30/04 0:00,
2004000966,,3/30/04 0:00,SOUTH COLUMBIA @ MED DRIVE,35.9071634,-79.0528302,3/30/04 0:00,
2004000967,,3/30/04 0:00,LAW SCHOOL AT RIDGE RD,35.9087128,-79.0424634,3/30/04 0:00,
2004000969,,3/30/04 0:00,N.C. CHILDREN`S HOSPIT UNC,35.9049201,-79.0505522,3/30/04 0:00,
2004000970,,3/30/04 0:00,MANNING NEAR LOWER HINTON JAMES,35.9033775,-79.04389359999999,3/30/04 0:00,
2004000971,,3/30/04 0:00,MANNING @ 15-501,35.8985579,-79.0361626,3/30/04 0:00,
2004000972,,3/30/04 0:00,RALEIGH ST./ SPENCER DORM,Failure on RALEIGH ST./ SPENCER DORM,Failure on RALEIGH ST./ SPENCER DORM,3/30/04 0:00,
2004000991,HARASSMENT AND STALKING,3/30/04 0:00,VAN HECKEWETTCH UNC,35.9049122,-79.0469134,3/30/04 0:00,2
2004000965,LARCENY FROM A BUILDING,3/30/04 12:13,EHRINGHAUS SOUTH,35.9039316,-79.04265579999999,3/22/04 17:30,4
2004000968,POLICE ASSISTANCE,3/30/04 14:25,MASON FARM RD,35.8988843,-79.0498703,3/30/04 13:00,2
2004000974,LARCENY/MISDEMEANOR,3/30/04 19:57,WOOLLEN GYM UNC,35.9091438,-79.0470491,3/30/04 18:00,4
2004000976,KIDNAPPING,3/31/04 0:00,RALEIGH ST,39.7938733,-105.0416296,3/31/04 0:00,3
2004000977,,3/31/04 0:00,RAL RD NEAR HWY 54,Failure on RAL RD NEAR HWY 54,Failure on RAL RD NEAR HWY 54,3/31/04 0:00,
2004000978,,3/31/04 0:00,SOUTH COLUBMIA NEAR MASON FARM RD,38.9618679,-82.068742,3/31/04 0:00,
2004000979,,3/31/04 0:00,EAST DRIVE,40.6625885,-73.9652207,3/31/04 0:00,
2004000980,,3/31/04 0:00,SOUTH RD@ KENAN LABS,Failure on SOUTH RD@ KENAN LABS,Failure on SOUTH RD@ KENAN LABS,3/31/04 0:00,
2004000981,,3/31/04 0:00,MANNING DR AND WEST DR,35.9037368,-79.05265460000001,3/31/04 0:00,
2004000982,,3/31/04 0:00,MANNING DR/RIDGE RD,33.5785008,-80.2214753,3/31/04 0:00,
2004000975,LARCENY,3/31/04 0:04,MCCOLL BUILDING,35.8996685,-79.0461493,3/30/04 23:15,4
2004000983,SUSPICIOUS CONDITIONS,3/31/04 20:03,HINTON JAMES DORM,35.9023847,-79.0432848,12/1/95 8:00,2
2004000984,,4/1/04 0:00,RAL RD // DIOCIES CHURCH,Failure on RAL RD // DIOCIES CHURCH,Failure on RAL RD // DIOCIES CHURCH,4/1/04 0:00,
2004000985,,4/1/04 0:00,MANNING DR NEAR CRAIGE DR,35.90354,-79.04643999999999,4/1/04 0:00,
2004000987,,4/1/04 0:00,RALEIGH RD @ 54 LOT,35.9113322,-79.039923,4/1/04 0:00,
2004000988,,4/1/04 0:00,SITTERSON @ CONSTRUCTION SITE,Failure on SITTERSON @ CONSTRUCTION SITE,Failure on SITTERSON @ CONSTRUCTION SITE,4/1/04 0:00,
2004000989,,4/1/04 0:00,CAMERON AVE // SOUTH,39.7748807,-88.9534931,4/1/04 0:00,
2004000990,,4/1/04 0:00,MASON FARM RD,35.8988843,-79.0498703,4/1/04 0:00,
2004000992,,4/1/04 0:00,MANNING @ ER,34.4524952,-118.5761986,4/1/04 0:00,
2004000993,LARCENY OF BICYCLE,4/1/04 0:00,HINTON JAMES UNC,35.9020881,-79.0427632,3/18/04 0:00,4
2004000994,,4/1/04 0:00,RALEIGH RD/SOUTH RD,Failure on RALEIGH RD/SOUTH RD,Failure on RALEIGH RD/SOUTH RD,4/1/04 0:00,
2004000995,,4/1/04 0:00,PR PARKING LOT UNC,Failure on PR PARKING LOT UNC,Failure on PR PARKING LOT UNC,4/1/04 0:00,
2004000996,,4/1/04 0:00,SOUTH COLUMBIA/MANNING,34.080501,-80.98962949999999,4/1/04 0:00,
2004000986,PROPERTY DAMAGE TO VEHICLE,4/1/04 13:47,HILL ALUMNI CENTER UNC,35.9068863,-79.04568040000001,4/1/04 13:40,1
2004000997,,4/2/04 0:00,SOUTH COLUMBIA/SOUTH RD,34.0997278,-80.9551875,4/2/04 0:00,
2004000998,INJURY TO REAL PROPERTY,4/2/04 0:00,HINTON JAMES UNC,35.9020881,-79.0427632,4/2/04 0:00,3
2004000999,EMS ASSIST,4/2/04 0:00,HINTON JAMES UNC,35.9020881,-79.0427632,4/2/04 0:00,4
2004001000,,4/2/04 0:00,COUNTRY CLUB AT BOUNTRY,44.719976,-75.50373379999999,4/2/04 0:00,
2004001001,,4/2/04 0:00,RALIEGH ROAD  / 54 VISTOR  LOT,35.78399,-78.6846631,4/2/04 0:00,
2004001002,,4/2/04 0:00,PITTSBORO ST,35.9071584,-79.05477560000001,4/2/04 0:00,
2004001003,,4/2/04 0:00,MANNING,Failure on MANNING,Failure on MANNING,4/2/04 0:00,
2004001004,,4/2/04 0:00,S COLUMBIA,34.0007104,-81.0348144,4/2/04 0:00,
2004001005,CALLS FOR SERVICE/EMS ASSIST,4/2/04 0:00,TAYLOR STUDENT HEALTH UNC,35.9058885,-79.0494961,4/2/04 0:00,2
2004001006,,4/2/04 0:00,EPA BUILDING UNC,35.9049122,-79.0469134,4/2/04 0:00,
2004001007,LARCENY FROM A VEHICLE,4/3/04 0:00,CONNOR UNC,35.9108235,-79.04607349999999,4/3/04 0:00,4
2004001008,LARCENY FROM A VEHICLE,4/3/04 0:00,MANNING UNC,35.9049122,-79.0469134,3/28/04 0:00,4
2004001009,EMS CALL,4/3/04 0:00,GENERAL ADMINISTRATION UNC,35.908746,-79.0295977,4/3/04 0:00,
2004001010,,4/4/04 0:00,STADIUM DR,42.2587365,-85.67938649999999,4/4/04 0:00,
2004001011,,4/4/04 0:00,HANES ART CENTER UNC,35.9123693,-79.0543987,4/4/04 0:00,
2004001012,INFORMATION (SUSPICIOUS ACTIVITY),4/4/04 0:00,SWAIN UNC,Failure on SWAIN UNC,Failure on SWAIN UNC,4/4/04 0:00,4
2004001013,,4/4/04 0:00,S COLUMBIA ST/E CAMERON AVE,37.7533398,-78.1606181,4/4/04 0:00,
2004001014,,4/5/04 0:00,CRAIGE PARKING DECK UNC,35.9027843,-79.04706329999999,4/5/04 0:00,
2004001015,,4/5/04 0:00,AMBULATORY CARE CENTER UNC,35.90054,-79.0562893,4/5/04 0:00,
2004001016,,4/5/04 0:00,MANNING DRIVE,35.9034237,-79.0437316,4/5/04 0:00,
2004001017,,4/5/04 0:00,MANNING DR,35.9034237,-79.0437316,4/5/04 0:00,
2004001018,,4/5/04 0:00,MANNING DR,35.9034237,-79.0437316,4/5/04 0:00,
2004001019,,4/5/04 0:00,SKIPPER BOWLES DR,35.9017367,-79.0440522,4/5/04 0:00,
2004001020,,4/5/04 0:00,S COLUMBIA @ PITTSBORO,35.904075,-79.05511469999999,4/5/04 0:00,
2004001021,,4/5/04 0:00,VISITOR LOT AT RAL RD,35.9113962,-79.0398958,4/5/04 0:00,
2004001023,LARCENY/MISDEMEANOR,4/5/04 0:00,DAVIS WALTER R LIBRARY UNC,35.9049122,-79.0469134,4/5/04 0:00,3
2004001024,,4/5/04 0:00,RALEIGH RD/HWY 54 LOT,36.3813122,-80.00782559999999,4/5/04 0:00,
2004001025,LARCENY OF A LAPTOP,4/5/04 0:00,SITTERSON COMP SCI CTR UNC,35.909876,-79.05322509999999,4/5/04 0:00,4
2004001026,,4/5/04 0:00,RALEIGH RD/HWY 54 LOT,36.3813122,-80.00782559999999,4/5/04 0:00,
2004001027,,4/5/04 0:00,   HWY 54 LOT,35.900457,-78.894212,4/5/04 0:00,
2004001028,TRESPASSING - SECOND DEGREE,4/5/04 0:00,GRAHAM STUDENT UNION UNC,35.9102721,-79.0477239,4/5/04 0:00,1
2004001022,EMS ASSIST,4/5/04 14:13,CHASE UNC,35.90605,-79.045252,4/5/04 14:13,2
2004001029,,4/6/04 0:00,PAUL GRN THEATRE UNC,35.9118408,-79.0438477,4/6/04 0:00,
2004001030,,4/6/04 0:00,CAROLINA INN UNC,35.9099368,-79.05456020000001,4/6/04 0:00,
2004001031,,4/6/04 0:00,HA II DOGWOOD PARKING UNC,35.902462,-79.05161700000001,4/6/04 0:00,
2004001032,,4/6/04 0:00,DAVIS WALTER R LIBRARY UNC,35.9049122,-79.0469134,4/6/04 0:00,
2004001033,,4/6/04 0:00,CHAPEL HILL BASE 3,39.107065,-121.3361584,4/6/04 0:00,
2004001034,,4/6/04 0:00,CRAIGE PARKING DECK UNC,35.9027843,-79.04706329999999,4/6/04 0:00,
2004001035,,4/6/04 0:00,CRAIGE PARKING DECK UNC,35.9027843,-79.04706329999999,4/6/04 0:00,
2004001036,EMS ASSIST,4/6/04 0:00,GARDNER UNC,35.9049122,-79.0469134,4/6/04 0:00,2
2004001037,LARCENY/MISDEMEANOR,4/6/04 0:00,DAVIS WALTER R LIBRARY UNC,35.9049122,-79.0469134,4/5/04 0:00,4
2004001038,CIVIL DISPUTE,4/6/04 0:00,W CAMERON AVE,34.0672818,-117.9406924,4/5/04 0:00,4
2004001039,,4/6/04 0:00,MANNING DR/MORRISON DR,-31.9987702,115.87023,4/6/04 0:00,
2004001040,LARCENY/MISDEMEANOR,4/6/04 0:00,PHILLIPS ANNEX UNC,35.9106923,-79.05216879999999,4/6/04 0:00,4
2004001041,LARCENY - MISDEMEANOR,4/6/04 0:00,CARRINGTON HALL UNC,Failure on CARRINGTON HALL UNC,Failure on CARRINGTON HALL UNC,4/6/04 0:00,3
2004001042,,4/6/04 0:00,,Failure on ,Failure on ,4/6/04 0:00,
2004001043,FRAUD-CREDIT CARD,4/6/04 0:00,JOYNER UNC,35.9044647,-79.04482709999999,4/6/04 0:00,4
2004001044,,4/6/04 0:00,W ROSEMARY ST/MITCHELL LN,35.91203,-79.06239,4/6/04 0:00,
2004001045,UNDERAGE POSSESSION GS 18B-302(B)(1),4/7/04 0:00,S COLUMBIA ST/PITTSBORO ST,35.905413,-79.05346999999999,4/7/04 0:00,3
2004001046,,4/7/04 0:00,STADIUM DR. //  BELL TOWER,26.5494838,-81.8681417,4/7/04 0:00,
2004001047,,4/7/04 0:00,COUNTRY CLUB RD/RALEIGH ST,35.8092526,-78.65426289999999,4/7/04 0:00,
2004001048,,4/7/04 0:00,CHANCELLORS RES. // RALEIGH ROAD,40.668888,-73.837132,4/7/04 0:00,
2004001049,,4/7/04 0:00,BATTLE LANE PARKING LOT UNC,Failure on BATTLE LANE PARKING LOT UNC,Failure on BATTLE LANE PARKING LOT UNC,4/7/04 0:00,
2004001050,,4/7/04 0:00,RALIEGH RD /  CCLUB,35.7465768,-78.65890250000001,4/7/04 0:00,
2004001051,,4/7/04 0:00,RALEIGH RD/COUNTRY CLUB RD,35.8114686,-78.6550741,4/7/04 0:00,
2004001052,,4/7/04 0:00,RALEIGH RD/HWY 54 VIS LOT,Failure on RALEIGH RD/HWY 54 VIS LOT,Failure on RALEIGH RD/HWY 54 VIS LOT,4/7/04 0:00,
2004001054,,4/7/04 0:00,MANNING DR/SKIPPER BOWLES DR,35.9031019,-79.04370469999999,4/7/04 0:00,
2004001055,,4/7/04 0:00,MANNING/THURSTON BOWLES,35.9038441,-79.0544743,4/7/04 0:00,
2004001056,,4/7/04 0:00,MANNING DR/HOSPITAL DR,35.90356,-79.05185999999999,4/7/04 0:00,
2004001057,,4/7/04 0:00,MANNING/AYCOCK,33.5753686,-101.88825,4/7/04 0:00,
2004001058,,4/7/04 0:00,MANNING DR/MORRISON DR,-31.9987702,115.87023,4/7/04 0:00,
2004001059,,4/7/04 0:00,COUNTRY CLUB  //  COBB,33.9395682,-84.42483539999999,4/7/04 0:00,
2004001060,LARCENY-FELONY,4/7/04 0:00,LENOIR UNC,35.9114163,-79.04823909999999,2/17/04 0:00,3
2004001061,,4/7/04 0:00,RIDGE/IOG,44.636301,-72.80982399999999,4/7/04 0:00,
2004001062,EMS ASSIST,4/7/04 0:00,HORNEY GILES F BLDG UNC,35.932199,-79.05742380000001,4/7/04 0:00,2
2004001063,LARCENY - MISDEMEANOR,4/7/04 0:00,PHILLIPS ANNEX UNC,Failure on PHILLIPS ANNEX UNC,Failure on PHILLIPS ANNEX UNC,4/7/04 0:00,4
2004001064,,4/7/04 0:00,MANNING DR. // UNC HOSPITALS,35.9039886,-79.0495033,4/7/04 0:00,
2004001065,LARCENY OF FINANICIAL TRANSACTION CARD,4/7/04 0:00,THURSTONBOWLES CENTER UNC,35.9038344,-79.0544798,4/7/04 0:00,3
2004001066,,4/7/04 0:00,MANNING/HIBBARD,35.902945,-79.049025,4/7/04 0:00,
2004001053,EMS ASSIST,4/7/04 11:10,HA II DOGWOOD PARKING UNC,35.902462,-79.05161700000001,4/7/04 11:05,2
2004001067,LARCENY-FELONY,4/8/04 0:00,DAVIS WALTER R LIBRARY UNC,35.9049122,-79.0469134,4/7/04 0:00,3
2004001069,,4/8/04 0:00,BATTLE LANE/COUNTRY CLUB,39.5103791,-74.8858297,4/8/04 0:00,
2004001070,,4/8/04 0:00,RALIEGHST/  COUNTRY CLUB,35.7763431,-78.5933711,4/8/04 0:00,
2004001071,,4/8/04 0:00,MANNING DR/CRAIGE DR,35.90354,-79.04643999999999,4/8/04 0:00,
2004001072,,4/8/04 0:00,COUNTRY CLUB RD/SOUTH RD,41.6876246,-86.3609235,4/8/04 0:00,
2004001073,,4/8/04 0:00,,Failure on ,Failure on ,4/8/04 0:00,
2004001074,,4/8/04 0:00,MANNING DR/EAST DR,40.851229,-73.31065699999999,4/8/04 0:00,
2004001076,,4/8/04 0:00,S COLUMBIA ST/N MEDICAL DR,Failure on S COLUMBIA ST/N MEDICAL DR,Failure on S COLUMBIA ST/N MEDICAL DR,4/8/04 0:00,
2004001078,,4/8/04 0:00,SO COLUMBIA / H SCI LIBRARY,40.8427428,-73.9426445,4/8/04 0:00,
2004001079,,4/8/04 0:00,MANNING/ER DRIVE,41.887702,-87.6227,4/8/04 0:00,
2004001080,,4/8/04 0:00,IOG LOT,44.521922,1.453223,4/8/04 0:00,
2004001081,,4/8/04 0:00,RIDGE NEAR LAW SCHOOL,35.9087128,-79.0424634,4/8/04 0:00,
2004001068,VANDALISM - DAMAGE TO PROPERTY OR PERSONAL PROP,4/8/04 6:57,CARROLL UNC,35.910215,-79.05184799999999,4/7/04 17:00,2
2004001075,LARCENY OF FINANCIAL TRANSACTION CARD,4/8/04 12:22,AMBULATORY CARE CENTER UNC,35.90054,-79.0562893,4/8/04 9:05,3
2004001077,LARCENY OF FINANCIAL TRANSACTION CARD,4/8/04 14:17,AMBULATORY CARE CENTER UNC,35.90054,-79.0562893,4/8/04 7:30,4
2004001082,VANDALISM - INJURIES OR TAMPERS WITH VEHICLE,4/9/04 0:00,BELL TOWER,26.5494838,-81.8681417,4/9/04 0:00,3
2004001083,VANDALISM - DAMAGE TO PROPERTY OR PERSONAL PROP,4/9/04 0:00,STACY UNC,35.9044647,-79.04482709999999,4/8/04 0:00,2
2004001084,CALLS FOR SERVICE,4/9/04 0:00,CAROLINA INN UNC,35.9099368,-79.05456020000001,4/9/04 0:00,2
2004001085,,4/9/04 0:00,SECU,Failure on SECU,Failure on SECU,4/9/04 0:00,
2004001086,MV THEFT - AUTOMOBILE,4/9/04 0:00,AYCOCK UNC,35.9044647,-79.04482709999999,4/8/04 0:00,4
2004001087,,4/9/04 0:00,ADMINISTRATIVE OFFICE UNC,35.908746,-79.0295977,4/9/04 0:00,
2004001089,TRESPASSING - SECOND DEGREE,4/9/04 0:00,W FRANKLIN ST/,37.5481717,-77.4506634,4/9/04 0:00,2
2004001088,,4/10/04 0:00,CONNOR UNC,35.9108235,-79.04607349999999,4/9/04 0:00,
2004001090,,4/10/04 0:00,PITTSBORO/BEARD HALL,Failure on PITTSBORO/BEARD HALL,Failure on PITTSBORO/BEARD HALL,4/10/04 0:00,
2004001091,,4/10/04 0:00,CARMICHEAL DRIVE,32.0100319,-87.3168029,4/10/04 0:00,
2004001092,,4/10/04 0:00,MALLETTE ST/W FRANKLIN ST,Failure on MALLETTE ST/W FRANKLIN ST,Failure on MALLETTE ST/W FRANKLIN ST,4/10/04 0:00,
2004001093,,4/10/04 0:00,COUNTRY CLUB @ UNDERGGRAD ADMISSIONS,35.9126977,-79.0453928,4/10/04 0:00,
2004001094,,4/10/04 0:00,WOMENS CHILDERN HOSP.,42.9093388,-78.8752484,4/10/04 0:00,
2004001095,,4/10/04 0:00,MANNING DRIVE// S COLUMBIA,33.9819739,-81.0893527,4/10/04 0:00,
2004001096,CALL FOR SERVICE  (VEHICLE DAMAGED),4/10/04 0:00,HINTON JAMES NORTH UNC,35.9044647,-79.04482709999999,4/10/04 0:00,1
2004001104,,4/11/04 0:00,FRANKLIN// CAROUBOU COFFE,35.9286183,-79.034059,4/11/04 0:00,
2004001105,,4/11/04 0:00,PITTSBORO STREET,35.9071584,-79.05477560000001,4/11/04 0:00,
2004001106,TRESPASS WARNING ISSUED,4/12/04 0:00,GRAHAM STUDENT UNION UNC,35.9102721,-79.0477239,4/12/04 0:00,2
2004001107,,4/12/04 0:00,S GREENSBORO ST,35.9050798,-79.0724498,4/12/04 0:00,
2004001108,,4/12/04 0:00,SOUTH RD @  CAROLINA INN,34.72992,-82.1861062,4/12/04 0:00,
2004001109,TRESPASSING - SECOND DEGREE,4/12/04 0:00,DAVIS WALTER R LIBRARY UNC,35.9049122,-79.0469134,4/12/04 0:00,2
2004001110,,4/12/04 0:00,MANNING DR/ HINTON JAMES,35.9033775,-79.04389359999999,4/12/04 0:00,
2004001112,,4/12/04 0:00,OUTDOOR RECREATION PARKING LOT UNC,Failure on OUTDOOR RECREATION PARKING LOT UNC,Failure on OUTDOOR RECREATION PARKING LOT UNC,4/12/04 0:00,
2004001113,,4/12/04 0:00,ER DRIVE,40.9580034,-83.4013818,4/12/04 0:00,
2004001114,LARCENY/MISDEMEANOR,4/12/04 0:00,AMBULATORY CARE CENTER UNC,Failure on AMBULATORY CARE CENTER UNC,Failure on AMBULATORY CARE CENTER UNC,4/8/04 0:00,4
2004001115,TRESPASSING - SECOND DEGREE,4/12/04 0:00,DAVIS WALTER R LIBRARY UNC,35.9049122,-79.0469134,4/12/04 0:00,2
2004001116,,4/12/04 0:00,NEUROSCIENCES P LOT,22.5387611,88.34046359999999,4/12/04 0:00,
2004001117,,4/12/04 0:00,DOGWOOD DECK LVL 2D,Failure on DOGWOOD DECK LVL 2D,Failure on DOGWOOD DECK LVL 2D,4/12/04 0:00,
2004001118,,4/12/04 0:00,HINTON JAMES LOT BTWN 2 DORMS,Failure on HINTON JAMES LOT BTWN 2 DORMS,Failure on HINTON JAMES LOT BTWN 2 DORMS,4/12/04 0:00,
2004001119,,4/12/04 0:00,BELL TOWER PARKING LOT UNC,35.9067103,-79.0500641,4/12/04 0:00,
2004001120,,4/13/04 0:00,CAROLINA INN UNC,35.9099368,-79.05456020000001,4/13/04 0:00,
2004001121,DAMAGE TO PROPERTY OR PERSONAL PROP,4/13/04 0:00,BELL TOWER PARKING LOT UNC,35.9067103,-79.0500641,4/13/04 0:00,2
2004001122,,4/13/04 0:00,OLD PITTSBORO RD/S COLUMBIA ST,Failure on OLD PITTSBORO RD/S COLUMBIA ST,Failure on OLD PITTSBORO RD/S COLUMBIA ST,4/13/04 0:00,
2004001123,,4/13/04 0:00,MANNING DR/HOSPITAL DR,35.90356,-79.05185999999999,4/13/04 0:00,
2004001124,,4/13/04 0:00,EMERSON DR.,35.8489484,-78.63696,4/13/04 0:00,
2004001126,,4/13/04 0:00,MANNING DR/RIDGE RD,Failure on MANNING DR/RIDGE RD,Failure on MANNING DR/RIDGE RD,4/13/04 0:00,
2004001127,CALLS FOR SERVICE,4/13/04 0:00,COUNTRY CLUB RD/PAUL GREEN THEATER DR,35.9118408,-79.0438477,4/13/04 0:00,2
2004001128,,4/13/04 0:00,DAVIS WALTER R LIBRARY UNC,35.9049122,-79.0469134,4/13/04 0:00,3
2004001125,STOLEN T-SHIRTS,4/13/04 13:19,FIELD HOCKEY CENTER UNC,35.9049122,-79.0469134,4/12/04 0:00,4
2004001129,,4/14/04 0:00,RALEIGH RD/NC 54 E,35.9090879,-79.0261915,4/14/04 0:00,
2004001130,,4/14/04 0:00,MILLER UNC,35.9044469,-79.04977099999999,4/14/04 0:00,
2004001131,,4/14/04 0:00,HWY 54 VIS LOT,37.637372,-98.4286819,4/14/04 0:00,
2004001133,EMS ASSIST,4/14/04 0:00,MORRISON SOUTH UNC,35.9049122,-79.0469134,4/14/04 0:00,2
2004001134,,4/14/04 0:00,DANIELSSTUDENT STORES UNC,35.9098052,-79.0483434,4/14/04 0:00,
2004001135,,4/14/04 0:00,AIRPORT RD/HOMESTEAD RD,37.335767,-122.0483034,4/14/04 0:00,
2004001145,,4/14/04 0:00,BELL TOWER PARKING LOT UNC,35.9067103,-79.0500641,4/14/04 0:00,
2004001136,,4/15/04 0:00,JONES MARY ELLEN (FLO UNC,Failure on JONES MARY ELLEN (FLO UNC,Failure on JONES MARY ELLEN (FLO UNC,4/15/04 0:00,
2004001137,VANDALISM - DAMAGE TO REAL PROPERTY,4/15/04 0:00,MEMORIAL HALL UNC,35.9110986,-79.0520057,4/14/04 0:00,2
2004001138,,4/15/04 0:00,AYCOCK FAMILY PRACTICE,35.89866,-79.0378815,4/15/04 0:00,
2004001140,COUNTERFEITING - USING,4/15/04 0:00,DANIELSSTUDENT STORES UNC,35.9098052,-79.0483434,4/13/04 0:00,2
2004001141,,4/15/04 0:00,MANNING DR/CRAIGE DR,35.90354,-79.04643999999999,4/15/04 0:00,
2004001142,SOLICITATION,4/15/04 0:00,LENOIR UNC,35.9114163,-79.04823909999999,4/15/04 0:00,
2004001143,,4/15/04 0:00,PITTS ST. / TTK,Failure on PITTS ST. / TTK,Failure on PITTS ST. / TTK,4/15/04 0:00,
2004001146,,4/16/04 0:00,VISITOR LOT AT S RD,34.2238508,-77.87242309999999,4/16/04 0:00,
2004001147,EMBEZZLEMENT - LARC BY EMPLOYEES,4/16/04 0:00,PEABODY UNC,35.9105059,-79.0533698,5/20/03 0:00,4
2004001148,,4/16/04 0:00,HA II DOGWOOD PARKING UNC,35.902462,-79.05161700000001,4/16/04 0:00,
2004001149,TRESPASS - FIRST DEGREE,4/16/04 0:00,DAVIS WALTER R LIBRARY UNC,35.9049122,-79.0469134,4/16/04 0:00,2
2004001150,,4/16/04 0:00,PORTHOLE ALY,35.9131432,-79.0542631,4/16/04 0:00,
2004001151,BELATED LARCENY/MISDEMEANOR,4/16/04 18:03,CAROLINA CLUB (ALUMNI HALL),35.9069319,-79.04577789999999,3/31/04 1:30,4
2004001152,EMS ASSIST,4/17/04 0:00,WINSTON UNC,35.9044647,-79.04482709999999,4/17/04 0:00,2
2004001153,ASSIST EMS,4/17/04 0:00,CRAIGE UNC,35.9027323,-79.0451087,4/17/04 0:00,
2004001154,,4/17/04 0:00,EMERSON DAVIS PARKING LOT UNC,35.9049122,-79.0469134,4/17/04 0:00,
2004001155,B & E,4/17/04 0:00,MASON FARM RD,35.8988843,-79.0498703,4/16/04 0:00,4
2004001158,TRESPASS - FIRST DEGREE,4/17/04 0:00,ELECTRIC DIST OPR CTR UNC,35.9315626,-79.0607981,4/17/04 0:00,2
2004001159,,4/17/04 0:00,MORRISON DR/MANNING DR,35.9044469,-79.04977099999999,4/17/04 0:00,
2004001156,EMS ASSIST,4/17/04 9:00,FRIDAY CENTER UNC,35.8999429,-79.01254899999999,4/17/04 8:55,2
2004001157,EMS ASSIST,4/17/04 16:24,COBB BASKETBALL COURT,36.5309427,-87.3459206,4/17/04 16:20,2
2004001160,SUSPICIOUS CONDITION,4/18/04 0:00,AYCOCK UNC,35.9044647,-79.04482709999999,4/18/04 0:00,2
2004001161,FIGHTING (AFFRAY),4/18/04 0:00,MOREHEAD PLANETARIUM UNC,35.9139033,-79.05051,4/18/04 0:00,2
2004001162,VANDALISM - DAMAGE TO PROPERTY OR PERSONAL PROP,4/18/04 0:00,MORRISON UNC,35.9045132,-79.0462075,4/18/04 0:00,4
2004001164,,4/18/04 0:00,HANES LOT,35.9106057,-79.05203,4/18/04 0:00,
2004001165,,4/18/04 0:00,GRAHAM STUDENT UNION UNC,35.9102721,-79.0477239,4/18/04 0:00,
2004001166,,4/18/04 0:00,MANNING DRIVE AT HINTON JAMES,35.9033775,-79.04389359999999,4/18/04 0:00,
2004001167,,4/18/04 0:00,PUBLIC SAFETY BUILDING UNC,35.9042197,-79.04736609999999,4/18/04 0:00,
2004001168,,4/18/04 0:00,EAST SIDE AREA 1,40.766526,-73.9522609,4/18/04 0:00,
2004001163,LARCENY/MISDEMEANOR,4/18/04 4:21,CARMICHAEL UNC,35.9095693,-79.0454614,4/18/04 3:00,4
2004001169,MV THEFT - AUTOMOBILE,4/18/04 21:19,BELL TOWER PARKING LOT UNC,35.9067103,-79.0500641,4/18/04 19:00,4
2004001170,TRESPASSING - SECOND DEGREE,4/19/04 0:00,WOOLLEN GYM UNC,35.9091438,-79.0470491,4/19/04 0:00,2
2004001171,,4/19/04 0:00,RIDGE RD,41.2580425,-81.7449204,4/19/04 0:00,
2004001172,VANDALISM - DAMAGE TO PROPERTY OR PERSONAL PROP,4/19/04 0:00,MOREHEAD PLANETARIUM UNC,35.9139033,-79.05051,4/18/04 0:00,2
2004001173,,4/19/04 0:00,RIDGE RD. LAW SCHOOL,35.9087128,-79.0424634,4/19/04 0:00,
2004001174,,4/19/04 0:00,SKIPPER BOWLES DR/MANNING DR,35.899446,-79.0439761,4/19/04 0:00,
2004001175,,4/19/04 0:00,MANNING DR/S FORDHAM BLVD,42.646157,-73.800732,4/19/04 0:00,
2004001176,CALLS FOR SERVICE OVERDOSE,4/19/04 0:00,MED SCH WING D UNC,35.906058,-79.052199,4/19/04 0:00,2
2004001177,,4/19/04 0:00,EAST DR/MANNING DR,41.6390389,-71.4681988,4/19/04 0:00,
2004001178,,4/19/04 0:00,GRAVELY CG LOT,Failure on GRAVELY CG LOT,Failure on GRAVELY CG LOT,4/19/04 0:00,
2004001179,,4/19/04 0:00,WESTWOOD DR/S COLUMBIA ST,35.9009434,-79.0580318,4/19/04 0:00,
2004001180,,4/19/04 0:00,GENERAL ADMINISTRATION UNC,35.908746,-79.0295977,4/19/04 0:00,
2004001181,,4/19/04 0:00,HOSPITAL DR/MANNING DR,35.9039886,-79.0495033,4/19/04 0:00,
2004001182,,4/19/04 0:00,HOSPITAL DR/MANNING DR,35.9039886,-79.0495033,4/19/04 0:00,
2004001183,CALLS FOR SERVICE,4/19/04 0:00,,Failure on ,Failure on ,4/19/04 0:00,2
2004001184,,4/19/04 0:00,COUNTRY CLUB @ BATTLE,42.28280789999999,-85.2064671,4/19/04 0:00,
2004001186,,4/19/04 0:00,RALEIGH RD,35.4808003,-78.5251924,4/19/04 0:00,
2004001185,BELATED PARKING DISPUTE,4/19/04 19:12,EMERGENCY ROOM ENTRANCE,33.471554,-81.988798,4/19/04 19:00,4
2004001187,VANDALISM - DAMAGE TO REAL PROPERTY,4/20/04 0:00,MOREHEAD PLANETARIUM UNC,35.9139033,-79.05051,4/20/04 0:00,4
2004001188,,4/20/04 0:00,HINTON JAMES UNC,35.9020881,-79.0427632,4/20/04 0:00,
2004001189,,4/20/04 0:00,FRIDAY CTR  // 54,35.902481,-79.010437,4/20/04 0:00,
2004001190,,4/20/04 0:00,SKIPPER BOWLES DR/SMITH LOT,35.899446,-79.0439761,4/20/04 0:00,
2004001192,,4/20/04 0:00,MANNING DR AT BOWLES,35.9009838,-79.0400063,4/20/04 0:00,
2004001193,,4/20/04 0:00,H JAMES PLOT,22.297981,70.808126,4/20/04 0:00,
2004001194,,4/20/04 0:00,HOSPITAL DRIVE,39.137906,-76.6173759,4/20/04 0:00,
2004001195,,4/20/04 0:00,HOSPITAL DR/DENTAL CIR,33.7637484,-117.9942864,4/20/04 0:00,
2004001196,TRESPASS - FIRST DEGREE SUSPICIOUS CONDITION,4/20/04 0:00,VAN HECKEWETTCH UNC,35.9049122,-79.0469134,4/20/04 0:00,2
2004001197,ROBBERY  - COMMON LAW ROBBERY,4/20/04 0:00,LENOIR UNC,35.9114163,-79.04823909999999,4/20/04 0:00,3
2004001198,,4/20/04 0:00,BEARD HALL UNC,Failure on BEARD HALL UNC,Failure on BEARD HALL UNC,4/20/04 0:00,
2004001199,,4/20/04 0:00,FOREST THEATRE UNC,35.9134282,-79.04492239999999,4/20/04 0:00,
2004001200,,4/20/04 0:00,DAVIS DR,35.8289956,-78.8526531,4/20/04 0:00,
2004001201,,4/20/04 0:00,PITTSBOROS STREET // CAROLINA INN,35.9099368,-79.05456020000001,4/20/04 0:00,
2004001202,,4/20/04 0:00,FRANKLIN NEAR RALEIGH,35.7502249,-78.7354205,4/20/04 0:00,
2004001191,SUSPICIOUS CONDITION,4/20/04 8:14,DAVIS WALTER R LIBRARY UNC,35.9049122,-79.0469134,4/20/04 8:00,1
2004001203,,4/21/04 0:00,RALEIGH RD,35.4808003,-78.5251924,4/21/04 0:00,
2004001204,,4/21/04 0:00,FRANKLIN ST @ THE GAP,42.3559435,-71.0601921,4/21/04 0:00,
2004001206,,4/21/04 0:00,BELLTOWER /SOUTH RD,-34.9368012,138.5699961,4/21/04 0:00,
2004001207,,4/21/04 0:00,EMERGENCY ROOM DR,35.9040448,-79.0487493,4/21/04 0:00,
2004001208,,4/21/04 0:00,HA II DOGWOOD PARKING UNC,35.902462,-79.05161700000001,4/21/04 0:00,
2004001209,,4/21/04 0:00,DR/CARDINAL DECK,35.9045551,-79.0537119,4/21/04 0:00,
2004001210,,4/21/04 0:00,MANNING DR/DOGWOOD,35.9032851,-79.04744409999999,4/21/04 0:00,
2004001205,VANDALISM - DAMAGE TO REAL PROPERTY,4/21/04 7:09,CONNOR UNC,35.9108235,-79.04607349999999,4/21/04 2:00,4
2004001219,,4/22/04 0:00,FRATERNITY PKG LOT BY PITTSBORO ST,Failure on FRATERNITY PKG LOT BY PITTSBORO ST,Failure on FRATERNITY PKG LOT BY PITTSBORO ST,4/22/04 0:00,
2004001220,,4/22/04 0:00,MORRISON DRIVE/10-83,41.26718169999999,-77.0741172,4/22/04 0:00,
2004001221,,4/22/04 0:00,MANNING DR // THURSTON BOWLES,35.9038441,-79.0544743,4/22/04 0:00,
2004001222,,4/22/04 0:00,PITTSBORO ST/SECU,35.907048,-79.05503399999999,4/22/04 0:00,
2004001223,,4/22/04 0:00,S RD AT C CLUB,Failure on S RD AT C CLUB,Failure on S RD AT C CLUB,4/22/04 0:00,
2004001224,,4/22/04 0:00,CHASE HALL,42.5892741,-70.8210538,4/22/04 0:00,
2004001225,LARCENY/MISDEMEANOR,4/22/04 0:00,DAVIS WALTER R LIBRARY UNC,35.9049122,-79.0469134,4/22/04 0:00,2
2004001226,LARCENY FROM A VEHICLE,4/22/04 0:00,TAYLOR STUDENT HEALTH UNC,35.9058885,-79.0494961,4/21/04 0:00,2
2004001227,CALLS FOR SERVICE,4/22/04 0:00,CARMICHAEL RES HALL UNC,35.9082038,-79.04584299999999,4/22/04 0:00,2
2004001228,,4/22/04 0:00,S COL AT MASON FARM,Failure on S COL AT MASON FARM,Failure on S COL AT MASON FARM,4/22/04 0:00,
2004001229,VANDALISM - DAMAGE TO PROPERTY OR PERSONAL PROP,4/22/04 0:00,CRAIGE PARKING DECK UNC,35.9027843,-79.04706329999999,4/22/04 0:00,2
2004001230,,4/22/04 0:00,CRAIGE NORTH UNC,35.903533,-79.0459004,4/22/04 0:00,
2004001231,,4/23/04 0:00,RANSOM ST/MCCAULEY ST,Failure on RANSOM ST/MCCAULEY ST,Failure on RANSOM ST/MCCAULEY ST,4/23/04 0:00,3
2004001232,,4/23/04 0:00,RALEIGH / GLEN LENNOX,35.9081505,-79.02384099999999,4/23/04 0:00,
2004001233,VANDALISM - DAMAGE TO KEY READER,4/23/04 0:00,CRAIGE UNC,35.9027323,-79.0451087,4/23/04 0:00,2
2004001234,UNATTENDED DEATH,4/23/04 0:00,FOREST THEATRE UNC,35.9134282,-79.04492239999999,4/23/04 0:00,3
2004001235,,4/23/04 0:00,COUNTRY CLUB RD/RALEIGH RD,35.8092526,-78.65426289999999,4/23/04 0:00,
2004001236,,4/23/04 0:00,MASON FARM RD/EAST DR,35.8988843,-79.0498703,4/23/04 0:00,
2004001237,,4/23/04 0:00,FAMILY PRACTICE/MANNING DRIVE,35.89866,-79.0378815,4/23/04 0:00,
2004001238,,4/23/04 0:00,MANNING DR/EAST DR,40.851229,-73.31065699999999,4/23/04 0:00,
2004001239,,4/23/04 0:00,CRAIGE PARKING DECK UNC,Failure on CRAIGE PARKING DECK UNC,Failure on CRAIGE PARKING DECK UNC,4/23/04 0:00,
2004001240,,4/23/04 0:00,RALEIGH ST,39.7938733,-105.0416296,4/23/04 0:00,
2004001241,LARCENY/MISDEMEANOR,4/23/04 0:00,HORNEY GILES F BLDG UNC,35.932199,-79.05742380000001,4/1/04 0:00,4
2004001242,,4/23/04 0:00,MANNING/NEW DORMS,40.7522241,-73.9805116,4/23/04 0:00,
2004001243,EMS ASSIST,4/23/04 0:00,HINTON JAMES UNC,35.9020881,-79.0427632,4/23/04 0:00,2
2004001244,ASSAULT ON OFFICER,4/23/04 0:00,FRATERNITY COURT PARKING LOT UNC,35.9067103,-79.0500641,4/23/04 0:00,1
2004001245,,4/24/04 0:00,SOUTH ROAD,41.6461466,-73.9239061,4/24/04 0:00,
2004001246,ASSIST EMS,4/24/04 0:00,MOREHEAD PLANETARIUM UNC,35.9139033,-79.05051,4/24/04 0:00,2
2004001247,TRESPASS - FIRST DEGREE,4/24/04 0:00,SONJA HAYNES BLACK CULTURAL CT UNC,35.9079595,-79.05011619999999,4/24/04 0:00,3
2004001248,VANDALISM - DAMAGE TO REAL PROPERTY,4/24/04 0:00,CRAIGE PARKING DECK UNC,35.9027843,-79.04706329999999,4/24/04 0:00,2
2004001249,VANDALISM - DAMAGE TO REAL PROPERTY,4/24/04 0:00,SWAIN UNC,35.9114479,-79.0536948,4/24/04 0:00,2
2004001250,VANDALISM - DAMAGE TO REAL PROPERTY,4/24/04 0:00,EHRINGHAUS FIELD PARKING LOT UNC,35.9049122,-79.0469134,4/24/04 0:00,2
2004001251,,4/24/04 0:00,DENTAL SCHOOL LOT,28.452402,-82.594951,4/24/04 0:00,
2004001252,,4/24/04 0:00,MCCAULEY ST/PITTSBORO ST,Failure on MCCAULEY ST/PITTSBORO ST,Failure on MCCAULEY ST/PITTSBORO ST,4/24/04 0:00,
2004001254,VANDALISM - DAMAGE TO PROPERTY OR PERSONAL PROP,4/24/04 0:00,MANNING DR,35.9034237,-79.0437316,4/24/04 0:00,4
2004001253,DAMAGE TO PROPERTY,4/24/04 11:44,AIRPORT OFFICE UNC,35.9316668,-79.0573553,4/24/04 11:40,2
2004001255,,4/25/04 0:00,COBB UNC,35.9123679,-79.0466065,4/25/04 0:00,
2004001256,DISORDERLY CONDUCT,4/25/04 0:00,MORRISON UNC,35.9045132,-79.0462075,4/25/04 0:00,3
2004001257,DRUGS- EQUIPMENT/PARAPHERNALIA - POSSESSING/C,4/25/04 0:00,CRAIGE NORTH UNC,35.903533,-79.0459004,4/25/04 0:00,3
2004001258,,4/25/04 0:00,RIDGE RD/STADIUM DR,35.90678,-79.04469999999999,4/25/04 0:00,
2004001259,,4/25/04 0:00,PUBLIC SAFETY BUILDING UNC,35.9042197,-79.04736609999999,4/25/04 0:00,
2004001260,,4/25/04 0:00,RALEIGH AND COUNTRY CLUB,35.7763431,-78.5933711,4/25/04 0:00,
2004001261,PROPERTY DAMAGE TO LANDSCAPING,4/26/04 0:00,BYNUM CIRCLE PARKING LOT UNC,35.9049122,-79.0469134,4/26/04 0:00,2
2004001264,,4/26/04 0:00,MANNING DR/S FORDHAM BLVD,42.646157,-73.800732,4/26/04 0:00,
2004001266,EMS ASSIST,4/26/04 0:00,AMBULATORY CARE CENTER UNC,35.90054,-79.0562893,4/26/04 0:00,2
2004001270,INDECENT EXPOSURE,4/26/04 0:00,RALEIGH ST/COUNTRY CLUB RD,35.81613,-78.653357,4/26/04 0:00,4
2004001271,,4/26/04 0:00,EMERGENCY ROOM DR,35.9040448,-79.0487493,4/26/04 0:00,
2004001272,DISORDERLY CONDUCT IN PUBLIC BLDG,4/26/04 0:00,GREENLAW UNC,Failure on GREENLAW UNC,Failure on GREENLAW UNC,4/23/04 0:00,3
2004001262,VANDALISM - DAMAGE TO REAL PROPERTY,4/26/04 7:58,HORNEY GILES F BLDG UNC,35.932199,-79.05742380000001,4/23/04 17:45,4
2004001263,LARCENY/MISDEMEANOR,4/26/04 9:30,KENAN UNC,35.9068152,-79.0477324,4/26/04 8:00,4
2004001268,EMS ASSIST,4/26/04 14:02,PEABODY UNC,35.9105059,-79.0533698,4/26/04 0:00,2
2004001265,EMS ASSIST,4/26/04 14:13,AMBULATORY CARE CENTER UNC,35.90054,-79.0562893,4/26/04 14:00,2
2004001269,CALLS FOR SERVICE,4/26/04 14:14,MCCOLL BUSINESS SCHOOL UNC,35.8996959,-79.04623149999999,4/26/04 0:00,2
2004001267,VANDALISM - DAMAGE TO PROPERTY OR PERSONAL PROP(BELATED),4/26/04 14:20,COKER UNC,35.9082359,-79.0511052,4/26/04 14:20,2
2004001275,LARCENY - OF LICENSE PLATE,4/26/04 15:27,KENNON CHEEKREBECCA C UNC,Failure on KENNON CHEEKREBECCA C UNC,Failure on KENNON CHEEKREBECCA C UNC,4/23/04 8:00,4
2004001273,,4/27/04 0:00,COLUMBIA / ACKLAND ART,35.912627,-79.05506299999999,4/27/04 0:00,
2004001274,,4/27/04 0:00,CAMERON AVE,34.0587288,-117.8658775,4/27/04 0:00,
2004001276,,4/27/04 0:00,RALEIGH ROAD NEAR GEN ADMIN,35.908746,-79.0295977,4/27/04 0:00,
2004001277,,4/27/04 0:00,BUSINESS DECK,40.0520759,-83.08503379999999,4/27/04 0:00,
2004001278,,4/27/04 0:00,PITTSBORO @ CAROLINA INN,Failure on PITTSBORO @ CAROLINA INN,Failure on PITTSBORO @ CAROLINA INN,4/27/04 0:00,
2004001279,,4/27/04 0:00,CAROLINA INN UNC,35.9099368,-79.05456020000001,4/27/04 0:00,
2004001280,,4/27/04 0:00,MCDONALDS @ FRANKLINST.,40.7825013,-74.1828981,4/27/04 0:00,
2004001281,VANDALISM - DAMAGE TO PROPERTY OR PERSONAL PROP,4/27/04 0:00,MANNING DR,35.9034237,-79.0437316,4/27/04 0:00,4
2004001282,,4/28/04 0:00,MANNING/HIBBARD,35.902945,-79.049025,4/28/04 0:00,
2004001284,,4/28/04 0:00,@ GLENN LENNOX,35.9081505,-79.02384099999999,4/28/04 0:00,
2004001286,,4/28/04 0:00,PITTSBORO STREET @  NEWMAN CENTER,35.90885129999999,-79.0551521,4/28/04 0:00,
2004001287,SUSPICIOUS CONDITIONS/PARKING CONFLICT,4/28/04 0:00,HA I CARDINAL PARKING UNC,35.9039886,-79.0495033,4/26/04 0:00,2
2004001288,LARCENY-FELONY,4/28/04 0:00,DAVIS WALTER R LIBRARY UNC,Failure on DAVIS WALTER R LIBRARY UNC,Failure on DAVIS WALTER R LIBRARY UNC,4/28/04 0:00,4
2004001289,,4/28/04 0:00,STADIUM DRIVE,42.2587365,-85.67938649999999,4/28/04 0:00,
2004001299,SUSPICIOUS CONDITIONS,4/28/04 0:00,EHRINGHAUS UNC,35.9039316,-79.04265579999999,4/28/04 0:00,2
2004001285,CALLS FOR SERVICE,4/28/04 15:00,COUNTRY CLUB RD,36.0867378,-80.3228098,4/28/04 14:00,2
2004001283,EMS ASSIST,4/28/04 20:12,RAMSHEAD PARKING LOT UNC,35.9060511,-79.0456797,4/28/04 11:12,2
2004001290,LARCENY OF A COMPUTER,4/28/04 22:47,LEWIS UNC,35.9049122,-79.0469134,4/23/04 9:00,4
2004001291,,4/29/04 0:00,RIDGE RD,41.2580425,-81.7449204,4/29/04 0:00,
2004001292,LARCENY FROM A BUILDING,4/29/04 0:00,ROSENAU UNC,35.9057803,-79.0540572,4/29/04 0:00,4
2004001293,BELATED LARCENY,4/29/04 0:00,BELL TOWER UNC,35.9086047,-79.04919509999999,4/23/04 0:00,2
2004001295,,4/29/04 0:00,AYCOCK FAMILY MEDICINE UNC,35.89866,-79.0378815,4/29/04 0:00,
2004001297,CALLS FOR SERVICE,4/29/04 0:00,S COLUMBIA ST,35.9025436,-79.0565343,4/29/04 0:00,2
2004001298,,4/29/04 0:00,COUNTRY CLUB RD/RALEIGH RD,35.8092526,-78.65426289999999,4/29/04 0:00,
2004001300,,4/29/04 0:00,PUBLIC SAFETY BUILDING UNC,35.9042197,-79.04736609999999,4/29/04 0:00,
2004001301,VANDALISM DEFACING PUBLIC PROPERTY,4/29/04 0:00,PORTHOLE PARKING LOT UNC,35.9049122,-79.0469134,4/29/04 0:00,3
2004001294,LARCENY FROM A VEHICLE,4/29/04 16:03,AMBULATORY CARE CENTER UNC,35.90054,-79.0562893,4/29/04 15:03,4
2004001302,VANDALISM DEFACING PUBLIC PROPERTY,4/30/04 0:00,SWAIN UNC,35.9114479,-79.0536948,4/30/04 0:00,2
2004001303,,4/30/04 0:00,EAST DR/JACKSON CIR,35.9014748,-79.051143,4/30/04 0:00,
2004001304,BURGLARY-1ST DEGREE / BE&L,4/30/04 0:00,RENEE LYNNE CT,35.8914508,-79.08077440000001,4/29/04 0:00,4
2004001305,,4/30/04 0:00,ACC EXPRESS UNC,35.9039886,-79.0495033,4/30/04 0:00,
2004001307,,4/30/04 0:00,COUNTRY CLUB  //  GIMGHOUL,Failure on COUNTRY CLUB  //  GIMGHOUL,Failure on COUNTRY CLUB  //  GIMGHOUL,4/30/04 0:00,
2004001308,,4/30/04 0:00,RIDGE RD/MANNING DR,35.8137058,-78.70475019999999,4/30/04 0:00,
2004001309,,4/30/04 0:00,SOUTH COLUMBIA // 15-501,40.0308627,-76.48108739999999,4/30/04 0:00,
2004001310,FRAUD-CREDIT CARD,4/30/04 0:00,DANIELS STUDENT STORES UNC,35.9098052,-79.0483434,4/15/04 0:00,3
2004001311,,4/30/04 0:00,DRIVE/STU HEALTH,34.0593792,-118.4219122,4/30/04 0:00,
2004001312,,4/30/04 0:00,SKIPPER BOWLES DR/,35.9017367,-79.0440522,4/30/04 0:00,
2004001306,CALLS FOR SERVICE,4/30/04 9:32,COGENERATION FACILITY UNC,35.9049122,-79.0469134,4/30/04 0:00,2
2004001313,RECOVERY OF STOLEN VEHICLE,5/1/04 0:00,TOTTEN GARDEN CENTER UNC,35.90087,-79.03210399999999,5/1/04 0:00,2
2004001314,,5/1/04 0:00,STADIUM / PARKER,39.5006176,-104.8110937,5/1/04 0:00,
2004001315,,5/1/04 0:00,KENAN/MCIVER/ALDERMAN CONSTRUCTION AREA,Failure on KENAN/MCIVER/ALDERMAN CONSTRUCTION AREA,Failure on KENAN/MCIVER/ALDERMAN CONSTRUCTION AREA,5/1/04 0:00,
2004001316,WARRANT SERVICE,5/1/04 0:00,OAKDALE DR,Failure on OAKDALE DR,Failure on OAKDALE DR,5/1/04 0:00,3
2004001317,,5/1/04 0:00,POLK UNC,35.9049122,-79.0469134,5/1/04 0:00,
2004001319,,5/1/04 0:00, OAK TREE DR.,38.7382762,-121.2591261,5/1/04 0:00,
2004001320,VANDALISM - INJURIES OR TAMPERS WITH VEHICLE,5/1/04 0:00,CRAIGE PARKING DECK UNC,Failure on CRAIGE PARKING DECK UNC,Failure on CRAIGE PARKING DECK UNC,4/30/04 0:00,4
2004001322,LARCENY - OF A BICYCLE,5/1/04 0:00,GRAHAM STUDENT UNION UNC,Failure on GRAHAM STUDENT UNION UNC,Failure on GRAHAM STUDENT UNION UNC,4/7/04 0:00,4
2004001323,VANDALISM - INJURIES OR TAMPERS WITH VEHICLE,5/1/04 0:00,BELL TOWER PARKING LOT UNC,35.9067103,-79.0500641,5/1/04 0:00,2
2004001324,,5/1/04 0:00,MANNING / HINTON JAMES,35.9033775,-79.04389359999999,5/1/04 0:00,
2004001325,,5/1/04 0:00,PITTSBORO AND MCGAVERNGREENBERG,Failure on PITTSBORO AND MCGAVERNGREENBERG,Failure on PITTSBORO AND MCGAVERNGREENBERG,5/1/04 0:00,
2004001318,LARCENY-FELONY MOUNTIAN BIKE,5/1/04 11:50,"EHRINGHAUS UNC, BIKE RACK","Failure on EHRINGHAUS UNC, BIKE RACK","Failure on EHRINGHAUS UNC, BIKE RACK",4/23/04 12:00,4
2004001321,VANDALISM - DAMAGE TO REAL PROPERTY,5/1/04 14:03,STACY UNC,35.9044647,-79.04482709999999,5/1/04 14:03,2
2004001326,LARCENY OF A LAPTOP,5/2/04 0:00,WINSTON UNC,35.9044647,-79.04482709999999,5/2/04 0:00,4
2004001327,,5/2/04 0:00,PUBLIC SAFETY BUILDING UNC,Failure on PUBLIC SAFETY BUILDING UNC,Failure on PUBLIC SAFETY BUILDING UNC,5/2/04 0:00,
2004001328,,5/2/04 0:00,ALUMNI GARDENS,Failure on ALUMNI GARDENS,Failure on ALUMNI GARDENS,5/2/04 0:00,
2004001329,,5/2/04 0:00,COUNTRY CLUB RD/RALEIGH RD,Failure on COUNTRY CLUB RD/RALEIGH RD,Failure on COUNTRY CLUB RD/RALEIGH RD,5/2/04 0:00,
2004001330,VANDALISM - INJURIES OR TAMPERS WITH VEHICLE,5/2/04 0:00,FINLEY GOLF COURSE RD,35.901605,-79.0193242,4/30/04 0:00,2
2004001331,,5/2/04 0:00,RIDGE AND AVERY,44.0321487,-75.53745529999999,5/2/04 0:00,
2004001332,,5/2/04 0:00,CRAIG NORTH AND SOUTH,Failure on CRAIG NORTH AND SOUTH,Failure on CRAIG NORTH AND SOUTH,5/2/04 0:00,
2004001333,VANDALISM - DAMAGE TO PROPERTY OR PERSONAL PROP,5/2/04 0:00,SWAIN UNC,Failure on SWAIN UNC,Failure on SWAIN UNC,5/2/04 0:00,2
2004001334,,5/3/04 0:00,MORRISON DR,32.757705,-97.190939,5/3/04 0:00,
2004001335,,5/3/04 0:00,S COLUMBIA @ HS LIBRARY,35.905413,-79.05346999999999,5/3/04 0:00,
2004001339,LARCENY-FELONY,5/3/04 0:00,EHRINGHAUS UNC,Failure on EHRINGHAUS UNC,Failure on EHRINGHAUS UNC,5/3/04 0:00,4
2004001340,,5/3/04 0:00,STADIUM DR,Failure on STADIUM DR,Failure on STADIUM DR,5/3/04 0:00,
2004001342,Assault On Female,5/3/04 0:00,HOUSE LIBRARY R B UNC,35.909779,-79.049027,5/3/04 0:00,3
2004001336,LARCENY OF COMPUTER AND SUNGLASSES,5/3/04 8:30,JACKSON HALL UNC,35.9126986,-79.0454295,4/30/04 17:00,4
2004001341,,5/4/04 0:00,MOREHEAD PLANETARIUM UNC,35.9139033,-79.05051,5/4/04 0:00,
2004001343,,5/4/04 0:00,S7 EHAUS FIELD LOT,35.9039316,-79.04265579999999,5/4/04 0:00,
2004001344,EMS ASSIST,5/4/04 0:00,WILSON HALL UNC,Failure on WILSON HALL UNC,Failure on WILSON HALL UNC,5/4/04 0:00,2
2004001345,,5/4/04 0:00,WILSON HALL UNC,Failure on WILSON HALL UNC,Failure on WILSON HALL UNC,5/4/04 0:00,
2004001346,LARCENY - BIKE,5/4/04 0:00,SOUTH RD,41.6461466,-73.9239061,4/30/04 0:00,4
2004001347,EMS ASSIST,5/4/04 0:00,MORRISON UNC,35.9045132,-79.0462075,5/4/04 0:00,2
2004001348,MISSING PERSONS,5/4/04 0:00,CARMICHEAL DORM UNC,35.9082038,-79.04584299999999,5/4/04 0:00,2
2004001349,,5/5/04 0:00,MORRISON DR,32.757705,-97.190939,5/5/04 0:00,
2004001350,,5/5/04 0:00,HA II DOGWOOD PARKING UNC,35.902462,-79.05161700000001,5/5/04 0:00,
2004001351,CARRYING CONCEALED,5/5/04 0:00,DAVIS WALTER R LIBRARY UNC,35.9049122,-79.0469134,5/5/04 0:00,3
2004001353,,5/5/04 0:00,MANNING DR/SKIPPER BOWLES DR,35.9031019,-79.04370469999999,5/5/04 0:00,
2004001354,,5/5/04 0:00,CRAIGE DECK 3RD LEVEL,Failure on CRAIGE DECK 3RD LEVEL,Failure on CRAIGE DECK 3RD LEVEL,5/5/04 0:00,
2004001355,,5/5/04 0:00,E ROSEMARY ST,37.36126520000001,-121.9058104,5/5/04 0:00,
2004001356,SUSPICIOUS CONDITIONS,5/5/04 0:00,E ROSEMARY ST,37.36126520000001,-121.9058104,5/2/04 0:00,4
2004001357,LARCENY/MISDEMEANOR,5/5/04 0:00,CARRINGTON HALL UNC,35.9067231,-79.0519226,5/5/04 0:00,4
2004001358,,5/5/04 0:00,S11 NEAR BD,37.294799,-79.999788,5/5/04 0:00,
2004001359,,5/5/04 0:00,COBB LOT,37.9780857,-87.5945988,5/5/04 0:00,
2004001352,LARCENY/MISDEMEANOR,5/5/04 23:09,BRAUER UNC,35.9049122,-79.0469134,4/27/04 9:00,3
2004001360,,5/6/04 0:00,SOUTH RD/COUNTRY CLUB RD,36.7414206,-78.0695066,5/6/04 0:00,
2004001361,,5/6/04 0:00,RALEIGH / COUNTRY CLUB,35.7763431,-78.5933711,5/6/04 0:00,
2004001362,,5/6/04 0:00,MANNING DR/WEST DR,44.2524036,-69.8877795,5/6/04 0:00,
2004001363,HARASSING PHONE CALL/E-MAILS,5/6/04 0:00,STEELE UNC,35.9049122,-79.0469134,5/6/04 0:00,2
2004001364,DAMAGE TO PROPERTY,5/6/04 0:00,RIDGE RD,41.2580425,-81.7449204,5/6/04 0:00,2
2004001365,,5/6/04 0:00,EMERGENCY ROOM DR,35.9040448,-79.0487493,5/6/04 0:00,
2004001366,EMS ASSIST,5/6/04 0:00,CAROLINA INN UNC,35.9099368,-79.05456020000001,5/6/04 0:00,2
2004001367,,5/6/04 0:00,S11,Failure on S11,Failure on S11,5/6/04 0:00,
2004001368,,5/7/04 0:00,RALEIGH RD/NC 54 E,Failure on RALEIGH RD/NC 54 E,Failure on RALEIGH RD/NC 54 E,5/7/04 0:00,
2004001370,,5/7/04 0:00,SOUTH RD,41.6461466,-73.9239061,5/7/04 0:00,
2004001371,,5/7/04 0:00,COUNTRY CLUB RD/RIDGE RD,43.209392,-77.7274889,5/7/04 0:00,
2004001372,VANDALISM - INJURIES OR TAMPERS WITH VEHICLE,5/7/04 0:00,MANNING UNC,35.9049122,-79.0469134,5/5/04 0:00,2
2004001373,LARCENY/MISDEMEANOR,5/7/04 0:00,MORRISON UNC,35.9045132,-79.0462075,3/15/04 0:00,2
2004001374,VANDALISM - DAMAGE TO PROPERTY OR PERSONAL PROP,5/7/04 0:00,HANES PARKING LOT,Failure on HANES PARKING LOT,Failure on HANES PARKING LOT,5/7/04 0:00,3
2004001376,,5/7/04 0:00,GRAHAM STUDENT UNION UNC,35.9102721,-79.0477239,5/7/04 0:00,
2004001369,VANDALISM - DAMAGE TO PROPERTY OR PERSONAL PROP,5/7/04 1:18,CALDWELL UNC,35.910583,-81.535123,5/6/04 0:00,2
2004001375,,5/8/04 0:00,HANES UNC,35.9049122,-79.0469134,5/8/04 0:00,
2004001377,VANDALISM - DAMAGE TO PROPERTY OR PERSONAL PROP,5/8/04 0:00,CAROLINA INN PARKING LOT NEAR CAMERON,Failure on CAROLINA INN PARKING LOT NEAR CAMERON,Failure on CAROLINA INN PARKING LOT NEAR CAMERON,5/7/04 0:00,2
2004001378,LARCENY OF A LADIES WALLET,5/8/04 0:00,THURSTON BOWLES BLDG,35.9038441,-79.0544743,4/26/04 0:00,3
2004001379,VANDALISM DEFACING PUBLIC PROPERTY,5/9/04 0:00,MOREHEAD LAB,35.589681,-82.630307,5/9/04 0:00,3
2004001380,,5/9/04 0:00,RIDGE RD,41.2580425,-81.7449204,5/9/04 0:00,
2004001381,,5/9/04 0:00,RALEIGH RD/RALEIGH ST,35.8118316,-78.5976002,5/9/04 0:00,
2004001382,,5/9/04 0:00,CAROLIN INN @ PITTSBORO,35.9099368,-79.05456020000001,5/9/04 0:00,
2004001383,TRESPASSING - SECOND DEGREE,5/9/04 0:00,ARBOTETUM,38.9162514,-76.9707869,5/9/04 0:00,1
2004001384,CALLS FOR SERVICE,5/9/04 0:00,CAROLINA INN UNC,35.9099368,-79.05456020000001,5/9/04 0:00,2
2004001385,LARCENY - MISDEMEANOR,5/9/04 0:00,KENAN STADIUM REST ROOM LADIES,Failure on KENAN STADIUM REST ROOM LADIES,Failure on KENAN STADIUM REST ROOM LADIES,5/9/04 0:00,4
2004001386,LARCENY OF BICYCLE,5/9/04 0:00,PARKER UNC,35.9044647,-79.04482709999999,5/5/04 0:00,4
2004001387,LARCENY,5/9/04 20:56,HA II DOGWOOD PARKING UNC,35.902462,-79.05161700000001,5/9/04 20:56,2
2004001388,,5/10/04 0:00,MANNING DR/WEST DR,44.2524036,-69.8877795,5/10/04 0:00,
2004001389,,5/10/04 0:00,GLEN LENNOX,35.9081505,-79.02384099999999,5/10/04 0:00,
2004001391,,5/10/04 0:00,JACKSON CIR,34.5412313,-82.7988124,5/10/04 0:00,
2004001392,,5/10/04 0:00,AYCOCK CIRCLE,35.8374132,-79.043622,5/10/04 0:00,
2004001393,,5/10/04 0:00,PITTSBORO/SECU,35.907048,-79.05503399999999,5/10/04 0:00,
2004001394,,5/10/04 0:00,MANNING - 15-501,37.29506629999999,-78.44037610000001,5/10/04 0:00,
2004001395,,5/10/04 0:00,NEURO-PSYCH HOSP - 7TH UNC,35.9049122,-79.0469134,5/10/04 0:00,
2004001390,LARCENY - BREAKING AND ENTERING,5/10/04 8:40,JACKSON HALL UNC,35.9126986,-79.0454295,5/10/04 0:00,4
2004001396,,5/11/04 0:00,AYCOCK CIRCLE PARKING LOT UNC,35.9049122,-79.0469134,5/11/04 0:00,
2004001397,,5/11/04 0:00,SOUTH COLUMBIA,34.0007104,-81.0348144,5/11/04 0:00,
2004001398,,5/11/04 0:00,ST AND MCCAULY,32.7316006,-117.2292596,5/11/04 0:00,
2004001399,,5/11/04 0:00,MCCAULEY PARKING LOT,39.29313399999999,-76.6124645,5/11/04 0:00,
2004001400,,5/11/04 0:00,PITTSBORO ST,35.9071584,-79.05477560000001,5/11/04 0:00,
2004001402,,5/11/04 0:00,PEABODY UNC,35.9105059,-79.0533698,5/11/04 0:00,
2004001404,,5/11/04 0:00,JACKSON CIRCLE / EAST DRIVE,35.9014779,-79.0505331,5/11/04 0:00,
2004001406,LARCENY/MISDEMEANOR,5/11/04 0:00,BRINKHOUSBULLITT UNC,35.9059164,-79.05173309999999,5/11/04 0:00,4
2004001401,FRAUD-OBT PROPERTY,5/11/04 11:43,STUDENT HEALTH CENTER,33.6456187,-117.8358987,4/26/04 14:35,3
2004001403,FRAUD-OBT PROPERTY,5/11/04 15:24,LINEBERGER CANCER RES UNC,35.9044695,-79.04982629999999,4/26/04 15:00,3
2004001405,LARCENY-FELONY,5/11/04 16:02,STACY UNC,Failure on STACY UNC,Failure on STACY UNC,5/9/04 0:00,4
2004001408,,5/12/04 0:00,AMBULATORY CARE CENTER UNC,35.90054,-79.0562893,5/12/04 0:00,
2004001409,,5/12/04 0:00,W CAMERON AVE/WILSON ST,35.709598,-77.939077,5/12/04 0:00,
2004001411,,5/12/04 0:00,PORTHOLE ALY,35.9131432,-79.0542631,5/12/04 0:00,
2004001412,,5/12/04 0:00,SOUTH COLUMBIA //  CAMERON,34.057847,-81.02627,5/12/04 0:00,
2004001413,LARCENY/MISDEMEANOR,5/12/04 0:00,LINEBERGER CANCER RES UNC  12-026,Failure on LINEBERGER CANCER RES UNC  12-026,Failure on LINEBERGER CANCER RES UNC  12-026,5/12/04 0:00,3
2004001414,LARCENY FROM LOCKER,5/12/04 0:00,ACC DAY OP CLINIC,Failure on ACC DAY OP CLINIC,Failure on ACC DAY OP CLINIC,5/12/04 0:00,3
2004001415,LARCENY - MISDEMEANOR,5/12/04 0:00,MACNIDER UNC,35.905524,-79.0525199,5/12/04 0:00,3
2004001407,DAMAGE TO AUTO,5/12/04 6:45,DEPT. OF PUBLIC SAFETY PARKING LOT,35.9044072,-79.0421739,5/12/04 6:40,2
2004001417,,5/13/04 0:00,BELL TOWER PARKING LOT UNC,35.9067103,-79.0500641,5/13/04 0:00,
2004001419,,5/13/04 0:00,WOMENS HOSP,30.4437553,-91.0887146,5/13/04 0:00,
2004001420,CALLS FOR SERVICE STEAMLINE LEAK,5/13/04 0:00,MECHANICAL RM LAW SCHOOL,Failure on MECHANICAL RM LAW SCHOOL,Failure on MECHANICAL RM LAW SCHOOL,5/13/04 0:00,2
2004001418,LARCENY/MISDEMEANOR,5/13/04 13:44,MACNIDER UNC,35.905524,-79.0525199,5/12/04 16:30,1
2004001421,VANDALISM TO LIBRARY PROPERTY,5/14/04 0:00,HOUSE LIBRARY R B UNC,35.909779,-79.049027,7/14/03 0:00,3
2004001422,TRESPASSING - SECOND DEGREE,5/14/04 0:00,HANES HALL/LOWER QUAD,35.9126974,-79.0467613,5/14/04 0:00,2
2004001423,VANDALISM TO ELECTRICAL BOX,5/14/04 0:00,DAVIE UNC,35.9049122,-79.0469134,5/13/04 0:00,2
2004001425,LARCENY OF A BIKE,5/14/04 0:00,SRC BIKE RACK,Failure on SRC BIKE RACK,Failure on SRC BIKE RACK,5/10/04 0:00,4
2004001426,,5/14/04 0:00,       MANNING @ WEST DR.,35.9037368,-79.05265460000001,5/14/04 0:00,
2004001427,,5/14/04 0:00,HOSPITALS UNIV OF NC UNC,35.9049122,-79.0469134,5/14/04 0:00,
2004001424,VANDALISM - DAMAGE TO REAL PROPERTY,5/14/04 13:38,AYCOCK DORM,36.005756,-78.9141144,5/14/04 7:15,2
2004001428,TRESPASSING - SECOND DEGREE,5/15/04 0:00,TRIPP FARM,35.6274519,-77.2574412,5/15/04 0:00,2
2004001429,,5/15/04 0:00,SOUTH COLUMBIA @ MASON FARM,35.9020137,-79.0570286,5/15/04 0:00,
2004001430,,5/15/04 0:00,CAMERON @ MALLET ST.,Failure on CAMERON @ MALLET ST.,Failure on CAMERON @ MALLET ST.,5/15/04 0:00,
2004001432,,5/15/04 0:00,MASON FARM RD AND S COLUMBIA ST,35.9020137,-79.0570286,5/15/04 0:00,
2004001433,,5/15/04 0:00,S COLUMBIA AND PITTSBORO,35.904075,-79.05511469999999,5/15/04 0:00,
2004001431,EMS ASSIST,5/15/04 13:27,EMS ASSIST/SUBJECT FELL OUT OF TREE,Failure on EMS ASSIST/SUBJECT FELL OUT OF TREE,Failure on EMS ASSIST/SUBJECT FELL OUT OF TREE,5/15/04 13:27,2
2004001434,,5/16/04 0:00,KENAN LABORATORIES UNC,35.9089306,-79.0511599,5/16/04 0:00,
2004001435,SUSPICIOUS CONDITION,5/16/04 0:00,MEDICAL RESEARCH BLDG B  MOLECULAR BIO,41.8707726,-87.6669515,5/16/04 0:00,3
2004001436,,5/16/04 0:00,DAVIS DR// EMERSON DR.,39.6441095,-86.0819339,5/16/04 0:00,
2004001437,LARCENY/MISDEMEANOR,5/17/04 0:00,BERRYHILL HALLWAY,35.9063448,-79.05168019999999,5/17/04 0:00,4
2004001438,VANDALISM - INJURIES OR TAMPERS WITH VEHICLE,5/17/04 0:00,NEW A.O.B. PARKING LOT,41.041186,-73.7635062,5/17/04 0:00,2
2004001439,,5/17/04 0:00,BELL TOWER UNC,35.9086047,-79.04919509999999,5/17/04 0:00,
2004001440,TRESPASSING - SECOND DEGREE(WARNING),5/17/04 0:00,FETZER GYM ROBERT A UNC,35.9049122,-79.0469134,5/17/04 0:00,2
2004001442,TRESPASSING - SECOND DEGREE,5/18/04 0:00,INFRONT OF SILENT SAM,Failure on INFRONT OF SILENT SAM,Failure on INFRONT OF SILENT SAM,5/18/04 0:00,2
2004001443,,5/18/04 0:00,COUNTRY CLUB @ RALEIGH ST.,35.91318589999999,-79.0478864,5/18/04 0:00,
2004001444,CALLS FOR SERVICE EMS ASSIST,5/18/04 0:00,MANNING DRIVE BUS STOP,35.90359,-79.04679999999999,5/18/04 0:00,2
2004001446,,5/18/04 0:00,EMERSON DR,35.8489484,-78.63696,5/18/04 0:00,
2004001448,,5/18/04 0:00,AYCOCK UNC,35.9044647,-79.04482709999999,5/18/04 0:00,
2004001449,LARCENY - MISDEMEANOR,5/18/04 0:00,"RM.2310, KERR BUILDING",42.6124156,-70.84511599999999,5/18/04 0:00,4
2004001451,,5/18/04 0:00,BATTLE LN,39.333808,-75.044992,5/18/04 0:00,
2004001452,LARCENY/MISDEMEANOR,5/18/04 0:00,DANIELSSTUDENT STORES UNC,35.9098052,-79.0483434,5/18/04 0:00,4
2004001543,,5/18/04 0:00,HIBBARD DR,41.194458,-81.44555790000001,5/18/04 0:00,
2004001445,LARCENY/MISDEMEANOR,5/18/04 13:34,E FRANKLIN ST,35.9257629,-79.036934,5/18/04 13:15,3
2004001447,SUSPICIOUS CONDITION,5/18/04 15:17,MANGUM UNC,35.9044647,-79.04482709999999,5/18/04 15:17,2
2004001441,VANDALISM - INJURIES OR TAMPERS WITH VEHICLE,5/18/04 15:25,MCCAULY LOT,46.4755695,-62.1414488,5/2/04 6:00,2
2004001453,,5/19/04 0:00,RALEIGH RD @ HWY 54 LOT,35.9028809,-79.0105839,5/19/04 0:00,
2004001454,FOUND PROPERTY,5/19/04 0:00,COBB DR,32.840744,-117.1890615,5/19/04 0:00,1
2004001455,,5/19/04 0:00,CAMERON @ COLUMBIA,38.93125,-92.3941892,5/19/04 0:00,
2004001457,TRESPASSING - SECOND DEGREE,5/19/04 0:00,DANIELS STUDENT STORES UNC,35.9098052,-79.0483434,5/19/04 0:00,1
2004001458,,5/19/04 0:00,OLD EAST UNC,35.9122676,-79.05077829999999,5/19/04 0:00,
2004001459,,5/19/04 0:00,CRAIGE UNC,35.9027323,-79.0451087,5/19/04 0:00,
2004001460,,5/19/04 0:00,MANNING DR/EAST DR,40.851229,-73.31065699999999,5/19/04 0:00,
2004001461,,5/19/04 0:00,MANNING AND SOUTH COLUMBIA,35.9045595,-79.0545556,5/19/04 0:00,
2004001462,,5/19/04 0:00,MANGUM UNC,35.9044647,-79.04482709999999,5/19/04 0:00,
2004001463,,5/19/04 0:00,BLOODLAB,40.7696256,-73.9858503,5/19/04 0:00,
2004001456,LARCENY/MISDEMEANOR,5/19/04 10:30,ABERNATHY HALL,35.8450463,-86.361458,5/19/04 10:20,3
2004001464,,5/20/04 0:00,FRANKLIN/CHURCH,35.9784693,-86.889637,5/20/04 0:00,
2004001465,,5/20/04 0:00,F O BLOOD RES LAB UNC,Failure on F O BLOOD RES LAB UNC,Failure on F O BLOOD RES LAB UNC,5/20/04 0:00,
2004001467,,5/20/04 0:00,PITTSBORO ST/W CAMERON AVE,35.91011,-79.05570999999999,5/20/04 0:00,
2004001468,LARCENY/MISDEMEANOR,5/20/04 0:00,MCCOLL BUSINESS SCHOOL UNC,35.8996959,-79.04623149999999,5/20/04 0:00,4
2004001470,,5/20/04 0:00,HA I CARDINAL PARKING UNC,35.9039886,-79.0495033,5/20/04 0:00,
2004001466,LARCENY/MISDEMEANOR,5/20/04 11:24,PORTHOLE BUILDING UNC,35.9130258,-79.05430020000001,5/19/04 18:00,4
2004001471,VANDALISM - DAMAGE TO REAL PROPERTY,5/21/04 0:00,CAROLINA INN PARKING LOT,35.9099368,-79.05456020000001,5/21/04 0:00,1
2004001472,,5/21/04 0:00,BUSINESS SCHOOL PARKI UNC,Failure on BUSINESS SCHOOL PARKI UNC,Failure on BUSINESS SCHOOL PARKI UNC,5/21/04 0:00,
2004001473,,5/21/04 0:00,MEMORIAL HOSP IN HANDICAPPED LOT,11.1059578,77.3469472,5/21/04 0:00,
2004001474,SIMPLE ASSAULT,5/21/04 0:00,NEUROSCIENCES RESEARCH UNC,35.903323,-79.055058,5/21/04 0:00,3
2004001475,,5/21/04 0:00,HANES UNC,35.9049122,-79.0469134,5/21/04 0:00,
2004001476,,5/21/04 0:00,NEUROSCIENCES RESEARCH UNC,35.903323,-79.055058,5/21/04 0:00,
2004001477,CALLS FOR SERVICE/MISSING PERSON,5/21/04 0:00,PUBLIC SAFETY BUILDING UNC,35.9042197,-79.04736609999999,5/21/04 0:00,3
2004001478,,5/21/04 0:00,MANNING DR/S FORDHAM BLVD,42.646157,-73.800732,5/21/04 0:00,
2004001479,,5/22/04 0:00,ALUMNI DR,30.2620919,-81.5026079,5/22/04 0:00,
2004001480,ASSAULT SIMPLE - ALL OTHER,5/22/04 0:00,OLD EAST UNC,35.9122676,-79.05077829999999,5/22/04 0:00,3
2004001481,,5/22/04 0:00,S COLUMBIA ST/WESTWOOD DR,35.9009434,-79.0580318,5/22/04 0:00,
2004001482,,5/22/04 0:00,ROSEMARY / RALEIGH,35.7896255,-78.6793327,5/22/04 0:00,
2004001483,,5/22/04 0:00,S COLUMBIA ST/SOUTH RD,Failure on S COLUMBIA ST/SOUTH RD,Failure on S COLUMBIA ST/SOUTH RD,5/22/04 0:00,
2004001484,,5/22/04 0:00,HILL ANNEX UNC,35.9049122,-79.0469134,5/22/04 0:00,
2004001485,,5/22/04 0:00,RALEIGH ST @ CAMERON AVE,35.91318589999999,-79.0478864,5/22/04 0:00,
2004001486,B & E,5/24/04 0:00,AIRPORT DR,37.7152803,-122.2081006,5/21/04 0:00,4
2004001487,LARCENY/MISDEMEANOR,5/24/04 0:00,FETZER GYM ROBERT A UNC,35.9049122,-79.0469134,5/24/04 0:00,2
2004001488,,5/25/04 0:00,HILL ALUMNI CENTER UNC,35.9068863,-79.04568040000001,5/25/04 0:00,
2004001489,,5/25/04 0:00,PUBLIC SAFETY BUILDING UNC,35.9042197,-79.04736609999999,5/25/04 0:00,
2004001490,LOST CELL PHONE,5/25/04 0:00,HOUSE LIBRARY R B UNC,35.909779,-79.049027,4/26/04 0:00,2
2004001491,SUSPICIOUS CONDITION,5/25/04 0:00,HA II DOGWOOD PARKING UNC,35.902462,-79.05161700000001,5/21/04 0:00,2
2004001492,LARCENY OF BACK PACK GRASS BLOWERS,5/26/04 0:00,THURSTONBOWLES COURTYARD,Failure on THURSTONBOWLES COURTYARD,Failure on THURSTONBOWLES COURTYARD,5/26/04 0:00,3
2004001493,B & E,5/26/04 0:00,PHILLIPS HALL (RM 386),35.9107699,-79.0524461,5/25/04 0:00,4
2004001494,CALLS FOR SERVICE,5/26/04 0:00,HILL ALUMNI CENTER UNC,35.9068863,-79.04568040000001,5/26/04 0:00,2
2004001495,SUSPICIOUS CONDITION/MISSING CAMERA,5/26/04 0:00,NEW EAST UNC,35.9126973,-79.0502611,3/25/04 0:00,4
2004001496,,5/26/04 0:00,S COLUMBIA NEAR MASON FARM,35.90239,-79.0565,5/26/04 0:00,
2004001497,EMS ASSIST,5/26/04 0:00,BRINKHOUSBULLITT UNC,Failure on BRINKHOUSBULLITT UNC,Failure on BRINKHOUSBULLITT UNC,5/26/04 0:00,2
2004001498,,5/26/04 0:00,UNDERGRAD PARKING LOT UNC,Failure on UNDERGRAD PARKING LOT UNC,Failure on UNDERGRAD PARKING LOT UNC,5/26/04 0:00,
2004001499,,5/26/04 0:00,LOT,Failure on LOT,Failure on LOT,5/26/04 0:00,
2004001500,,5/27/04 0:00,ENTRANCE TO DOGWOOD,33.7831074,-84.4172261,5/27/04 0:00,
2004001508,,5/27/04 0:00,HAMILTON UNC,35.9114923,-79.04874769999999,5/27/04 0:00,
2004001509,,5/27/04 0:00,MANNING DR/EAST DR,40.851229,-73.31065699999999,5/27/04 0:00,
2004001510,,5/28/04 0:00,MASON FARM RD/ACC,35.90054,-79.0562893,5/28/04 0:00,
2004001511,SEXUAL BATTERY,5/28/04 0:00,COKER ARBORETUM,35.9137707,-79.0490019,5/27/04 0:00,2
2004001512,,5/28/04 0:00,RALEIGH RD/ IOG,Failure on RALEIGH RD/ IOG,Failure on RALEIGH RD/ IOG,5/28/04 0:00,
2004001513,LARCENY/MISDEMEANOR,5/28/04 0:00,BIOINFORMATICS BUILDIN UNC,35.9016909,-79.0532944,5/28/04 0:00,4
2004001514,MV THEFT - MOTOR SCOOTER,5/28/04 0:00,HOSPITALS UNIV OF NC UNC,35.9049122,-79.0469134,5/24/04 0:00,4
2004001515,,5/29/04 0:00,PUBLIC SAFETY PARKING LOT UNC,35.9042197,-79.04736609999999,5/29/04 0:00,
2004001516,,5/29/04 0:00,EHRINGHAUS FIELD PARKING LOT UNC,35.9049122,-79.0469134,5/29/04 0:00,
2004001517,EMS ASSIST,5/30/04 0:00,CAROLINA INN UNC,35.9099368,-79.05456020000001,5/30/04 0:00,2
2004001518,EMS ASSIST,5/30/04 0:00,MCCORKLE UNC,35.9137811,-79.0521467,5/30/04 0:00,2
2004001520,LARCENY FROM A VEHICLE,5/30/04 0:00,HINTON JAMES PARKING LOT UNC,35.9023847,-79.0432848,5/30/04 0:00,1
2004001519,LARCENY FROM A VEHICLE,5/30/04 8:48,EHRINGHAUS PARKING LOT UNC,Failure on EHRINGHAUS PARKING LOT UNC,Failure on EHRINGHAUS PARKING LOT UNC,5/30/04 0:00,4
2004001521,,5/31/04 0:00,MANNING AND WEST,35.9037368,-79.05265460000001,5/31/04 0:00,
2004001522,,5/31/04 0:00,SOUTH ROAD,41.6461466,-73.9239061,5/31/04 0:00,
2004001523,LARCENY - BELATED OF BIKE,6/1/04 0:00,NORTH MEDICAL DRIVE MED WING E,42.3303982,-71.0824719,5/28/04 0:00,4
2004001524,LARCENYOF BICYCLE,6/1/04 0:00,BRINKHOUS-BULLITT UNC,35.9059164,-79.05173309999999,5/28/04 0:00,4
2004001525,,6/1/04 0:00,ORANGE COUNTY,33.7174708,-117.8311428,6/1/04 0:00,
2004001526,REQUEST FOR SERVICE (WATER LEAK),6/1/04 0:00,PHILLIPS UNC,35.910878,-79.0525881,6/1/04 0:00,2
2004001527,,6/2/04 0:00,MANNING DR,35.9034237,-79.0437316,6/2/04 0:00,
2004001528,,6/2/04 0:00,RIZZO CENTER,35.91120180000001,-79.0058751,6/2/04 0:00,
2004001529,LARCENY/MISDEMEANOR,6/2/04 0:00,AMBULATORY CARE CENTER UNC,35.90054,-79.0562893,5/5/04 0:00,4
2004001530,,6/2/04 0:00,ERINGHAUS LOT,Failure on ERINGHAUS LOT,Failure on ERINGHAUS LOT,6/2/04 0:00,
2004001531,,6/2/04 0:00,MANNING / CRAIGE NORTH,35.903533,-79.0459004,6/2/04 0:00,
2004001532,TRESPASS - FIRST DEGREE,6/3/04 0:00,W FRANKLIN ST,37.5481717,-77.4506634,6/3/04 0:00,2
2004001533,,6/3/04 0:00,RALEIGH / COUNTRY CLUB,35.7763431,-78.5933711,6/3/04 0:00,
2004001534,LARCENY OF CREDIT CARD AND CASH,6/3/04 0:00,ROSENAU UNC SUITE 263,Failure on ROSENAU UNC SUITE 263,Failure on ROSENAU UNC SUITE 263,6/2/04 0:00,3
2004001535,,6/3/04 0:00,VICTORY VILLAGE DAY CARE,35.8990023,-79.01448649999999,6/3/04 0:00,
2004001536,SUSPICIOUS CONDITIONS,6/3/04 0:00,FRIDAY CENTER UNC,35.8999429,-79.01254899999999,5/22/04 0:00,4
2004001538,LARCENY OF A LAPTOP COMPUTER,6/3/04 0:00,"ROSENAU UNC, RM 168","Failure on ROSENAU UNC, RM 168","Failure on ROSENAU UNC, RM 168",5/26/04 0:00,4
2004001539,,6/3/04 0:00,MANNING AT SKIPPER BOWLES,35.9009838,-79.0400063,6/3/04 0:00,
2004001537,LARCENY/MISDEMEANOR,6/3/04 11:27,MCGAVERN GREENBERG,35.9058418,-79.0545303,6/2/04 11:55,3
2004001540,,6/4/04 0:00,COUNTRY CLUB RD/SOUTH RD,41.6876246,-86.3609235,6/4/04 0:00,
2004001541,,6/4/04 0:00,COUNTRY CLUB / RALEIGH,35.7763431,-78.5933711,6/4/04 0:00,3
2004001542,,6/4/04 0:00,CRAIGE DECK LEVEL 2,Failure on CRAIGE DECK LEVEL 2,Failure on CRAIGE DECK LEVEL 2,6/4/04 0:00,
2004001544,LARCENY - BREAKING AND ENTERING,6/4/04 0:00,MANGUM UNC,35.9044647,-79.04482709999999,6/3/04 0:00,4
2004001545,,6/4/04 0:00,TAYLOR STUDENT HEALTH UNC,35.9058885,-79.0494961,6/4/04 0:00,
2004001547,LARCENY/MISDEMEANOR,6/4/04 0:00,BRAUER UNC,35.9049122,-79.0469134,6/2/04 0:00,4
2004001548,,6/4/04 0:00,COUNTRY CLUB AND SOUTH RD,35.9109365,-79.0417719,6/4/04 0:00,
2004001549,,6/4/04 0:00,BELL TOWER PARKING LOT UNC,Failure on BELL TOWER PARKING LOT UNC,Failure on BELL TOWER PARKING LOT UNC,6/4/04 0:00,
2004001550,,6/4/04 0:00,W CAMERON AVE/MALLETTE ST,Failure on W CAMERON AVE/MALLETTE ST,Failure on W CAMERON AVE/MALLETTE ST,6/4/04 0:00,
2004001554,,6/4/04 0:00,RALEIGH ST AND CAMERON,35.91318589999999,-79.0478864,6/4/04 0:00,
2004001556,,6/4/04 0:00,NEURO-PSYCH HOSP - 7TH UNC,35.9049122,-79.0469134,6/4/04 0:00,
2004001551,VANDALISM - INJURIES OR TAMPERS WITH VEHICLE,6/4/04 22:54,LOT,44.9509263,-116.1028528,6/4/04 22:54,4
2004001552,,6/5/04 0:00,NORTHHAMPTON PLAZA,42.3291396,-72.6350743,6/5/04 0:00,
2004001553,,6/5/04 0:00,CAMERON @ OLD WEST,39.7424644,-94.2387062,6/5/04 0:00,
2004001555,LARCENY - BREAKING AND ENTERING,6/5/04 0:00,MASON FARM RD,35.8988843,-79.0498703,6/5/04 0:00,4
2004001557,,6/6/04 0:00,BATTLE/ PARK PLACE LOT,Failure on BATTLE/ PARK PLACE LOT,Failure on BATTLE/ PARK PLACE LOT,6/6/04 0:00,
2004001558,,6/6/04 0:00,SOUTH COLUMBIA//WESTWOOD,34.0384712,-81.0538352,6/6/04 0:00,
2004001559,,6/6/04 0:00,SOUTH RD//RALEIGH RD,40.4183891,-74.5732736,6/6/04 0:00,
2004001560,DRUNK AND DISRUPTIVE,6/6/04 0:00,CAROLINA INN UNC,35.9099368,-79.05456020000001,6/6/04 0:00,3
2004001561,,6/6/04 0:00,SOUTH COLUMBIA@ CAMERON,35.9107112,-79.05431279999999,6/6/04 0:00,
2004001562,,6/6/04 0:00,COUNTRY CLUB @ PAUL GRN THEATER,35.9118408,-79.0438477,6/6/04 0:00,
2004001570,LARCENY FROM A VEHICLE,6/7/04 0:00,NAVY FIELD PARKING LOT UNC,35.9049122,-79.0469134,6/7/04 0:00,2
2004001571,,6/7/04 0:00,BIOINFORMATICS BUILDIN UNC,35.9016909,-79.0532944,6/7/04 0:00,
2004001572,,6/7/04 0:00,MANNING DR/MORRISON DR,-31.9987702,115.87023,6/7/04 0:00,
2004001573,,6/7/04 0:00,MAIN ENT TO HOSPITAL,Failure on MAIN ENT TO HOSPITAL,Failure on MAIN ENT TO HOSPITAL,6/7/04 0:00,
2004001574,,6/7/04 0:00,ENT TO DOGWOOD DECK,Failure on ENT TO DOGWOOD DECK,Failure on ENT TO DOGWOOD DECK,6/7/04 0:00,
2004001575,,6/7/04 0:00,MASON FARM  //  CH OF CHRIST,Failure on MASON FARM  //  CH OF CHRIST,Failure on MASON FARM  //  CH OF CHRIST,6/7/04 0:00,
2004001576,EMS ASSIST,6/7/04 0:00,JACKSON CIRCLE PARKING LOT UNC,35.9018777,-79.0503482,6/7/04 0:00,2
2004001577,VANDALISM - DAMAGE TO REAL PROPERTY,6/7/04 0:00,PITTSBORO / NASH,35.7410348,-79.277524,6/7/04 0:00,2
2004001578,,6/7/04 0:00,RALEIGH NEAR GEN ADMIN,35.908746,-79.0295977,6/7/04 0:00,
2004001579,,6/8/04 0:00,SOUTH RD  BELL TOWER,-34.9368012,138.5699961,6/8/04 0:00,
2004001580,,6/8/04 0:00,R1 P LOT,28.4986092,77.3999054,6/8/04 0:00,
2004001581,,6/8/04 0:00,SO. COLUM. //  HEALTH SCIENCES LIB,40.8427428,-73.9426445,6/8/04 0:00,
2004001582,MISDEMEANOR LARCENY,6/8/04 0:00,FINLEY GOLF COURSE RD,35.901605,-79.0193242,6/4/04 0:00,1
2004001584,,6/8/04 0:00,MANNING DR/FAMILY PRACTICE,35.89866,-79.0378815,6/8/04 0:00,
2004001585,,6/8/04 0:00,S11 BOWLES,31.4355324,-86.9497738,6/8/04 0:00,
2004001586,,6/8/04 0:00,HOSPITAL DR,40.10221749999999,-83.1619018,6/8/04 0:00,
2004001587,,6/8/04 0:00,SOUTH RD/BELLTOWER,-34.9368012,138.5699961,6/8/04 0:00,
2004001588,,6/8/04 0:00,MANNING DR/RIDGE RD,33.5785008,-80.2214753,6/8/04 0:00,
2004001589,,6/8/04 0:00,ER DRIVE,40.9580034,-83.4013818,6/8/04 0:00,
2004001590,,6/8/04 0:00,WEST DR AND MANNING DR,35.9037368,-79.05265460000001,6/8/04 0:00,
2004001591,,6/8/04 0:00,CRAIGE NORTH AND SOUTH,35.91222070000001,-84.00235289999999,6/8/04 0:00,
2004001583,MISDEMEANOR LARCENY,6/8/04 10:42,THE PIT (STUDENT STORES FRONT),35.9098052,-79.0483434,6/7/04 11:00,1
2004001592,,6/9/04 0:00,HOSPITAL DR,40.10221749999999,-83.1619018,6/9/04 0:00,
2004001596,,6/9/04 0:00,S COLUMBIA  AT ACKLAND ART,35.912627,-79.05506299999999,6/9/04 0:00,
2004001597,,6/9/04 0:00,SOUTH RD,41.6461466,-73.9239061,6/9/04 0:00,
2004001598,,6/9/04 0:00,S RD AT RAL ST,35.91009,-79.04633,6/9/04 0:00,
2004001599,,6/9/04 0:00,SKIPPER BOWLES DR / RR ENT TO HINTON JAM,Failure on SKIPPER BOWLES DR / RR ENT TO HINTON JAM,Failure on SKIPPER BOWLES DR / RR ENT TO HINTON JAM,6/9/04 0:00,
2004001600,MISSING LAPTOP,6/9/04 0:00,JACKSON HALL UNC,35.9126986,-79.0454295,6/3/04 0:00,4
2004001601,VANDALISM - DAMAGE TO PROPERTY OR PERSONAL PROP,6/9/04 0:00,GARDNER UNC,35.9049122,-79.0469134,6/9/04 0:00,2
2004001602,,6/9/04 0:00,CAMERON / DAVIE,26.0901063,-80.253937,6/9/04 0:00,
2004001603,,6/9/04 0:00,VAN HECKEWETTCH UNC,35.9049122,-79.0469134,6/9/04 0:00,
2004001593,EMS ASSIST,6/9/04 9:06,BUS STOP SKIPPER BOWLES DRIVE,35.90168,-79.04409,6/9/04 9:03,2
2004001594,EMS ASSIST,6/9/04 9:45,8200 MOLECULAR BIOLOGY RESEARCH LAB,1.5647688,103.6542835,6/9/04 9:30,2
2004001595,DAMAGE TO MOTOR VEHICLE,6/9/04 11:40,CALDWELL LOT,35.4926349,-80.8319401,6/9/04 11:40,2
2004001604,EMS CALL,6/10/04 0:00,KENAN UNC DORM,35.9044647,-79.04482709999999,6/10/04 0:00,2
2004001605,,6/10/04 0:00,STAD DR.,52.05250909999999,4.3124974,6/10/04 0:00,
2004001606,,6/10/04 0:00,CARMICHAEL DR,40.2032996,-75.2778981,6/10/04 0:00,
2004001607,EMS ASSIST,6/10/04 0:00,BOSHAMER STADIUM UNC,35.9057457,-79.04315729999999,6/10/04 0:00,2
2004001608,,6/10/04 0:00,ACC PARKING LOT,30.2637021,-97.7427056,6/10/04 0:00,
2004001609,LARCENY FROM A BUILDING,6/11/04 0:00,HAMILTON HALL (RM 559),39.995053,-83.0150304,6/9/04 0:00,4
2004001610,SUSPICIOUS CONDITIONS,6/11/04 0:00,CLOVER GARDEN RD.,36.186776,-79.471373,6/11/04 0:00,4
2004001611,SUSPICIOUS CONDITIONS,6/11/04 0:00,ROSENAU UNC,35.9057803,-79.0540572,6/11/04 0:00,3
2004001612,,6/11/04 0:00,MANNING@ ER DR,35.9029639,-79.04884679999999,6/11/04 0:00,
2004001613,CALLS FOR SERVICE,6/11/04 0:00,PEABODY UNC,35.9105059,-79.0533698,6/11/04 0:00,2
2004001614,LARCENY - BREAKING AND ENTERING,6/11/04 0:00,JONES MARY ELLEN  UNC,Failure on JONES MARY ELLEN  UNC,Failure on JONES MARY ELLEN  UNC,6/10/04 0:00,2
2004001615,,6/12/04 0:00,COLUMBIA SOUTH OF CAMERON,34.057847,-81.02627,6/12/04 0:00,
2004001616,,6/12/04 0:00,FETZER GYM ROBERT A UNC,35.9049122,-79.0469134,6/12/04 0:00,
2004001617,LARCENY OF BIKE,6/12/04 0:00,GRIMES DORM,40.6069709,-74.02892369999999,6/10/04 0:00,4
2004001619,,6/12/04 0:00,RD @ CARMICHAEL,32.360354,-86.218699,6/12/04 0:00,
2004001620,,6/12/04 0:00,SOUTH RD AND 54 LOT,41.7239942,-72.7964459,6/12/04 0:00,
2004001618,BURGLARY - BREAKING/ENTER- BE&L,6/12/04 6:57,FINLEY GOLF COURSE,35.897016,-79.0221,6/11/04 11:30,2
2004001621,,6/13/04 0:00,MANNING LOT,35.9000873,-79.0395874,6/13/04 0:00,
2004001622,,6/13/04 0:00,SWAIN LOT,42.4775925,-77.8541508,6/13/04 0:00,3
2004001623,VANDALISM - DAMAGE TO REAL PROPERTY,6/13/04 0:00,UTILITY PARKING LOT,43.0749706,-89.3865295,6/13/04 0:00,2
2004001624,,6/13/04 0:00,CAROLINA INN UNC,35.9099368,-79.05456020000001,6/13/04 0:00,
2004001625,,6/13/04 0:00,JACKSON CIRCLE PARKING LOT UNC,35.9018777,-79.0503482,6/13/04 0:00,
2004001626,LARCENY FROM A VEHICLE,6/13/04 0:00,LOT 54 RALEIGH  ROAD,35.9113322,-79.039923,6/2/04 0:00,4
2004001627,SUSPICIOUS CONDITION/LOST GUITAR,6/13/04 0:00,GRAHAM STUDENT UNION UNC,35.9102721,-79.0477239,6/13/04 0:00,3
2004001628,,6/14/04 0:00,MANNING DR/WEST DR,44.2524036,-69.8877795,6/14/04 0:00,
2004001629,,6/14/04 0:00,MANNING/AYCOCK FAMILY PRACTIVE,35.89866,-79.0378815,6/14/04 0:00,
2004001630,,6/14/04 0:00,COGEN ADMN-GORE BLDG UNC,Failure on COGEN ADMN-GORE BLDG UNC,Failure on COGEN ADMN-GORE BLDG UNC,6/14/04 0:00,
2004001631,,6/14/04 0:00,MORRISON CIRCLE PARKING LOT UNC,35.9049122,-79.0469134,6/14/04 0:00,
2004001632,,6/14/04 0:00,CRAIGE DR/ CRAIGE DORM,35.9027323,-79.0451087,6/14/04 0:00,
2004001633,,6/14/04 0:00,MANNING  // HOSP MAIN,41.9045113,-95.0754359,6/14/04 0:00,
2004001634,,6/14/04 0:00,EAST DR. MANNING,41.90303979999999,-95.05407029999999,6/14/04 0:00,
2004001635,,6/14/04 0:00,COUNTRY CLUB// PGT,Failure on COUNTRY CLUB// PGT,Failure on COUNTRY CLUB// PGT,6/14/04 0:00,
2004001643,,6/16/04 0:00,MANNING  NEAR FORDHAM,35.9044469,-79.04977099999999,6/16/04 0:00,
2004001644,CALLS FOR SERVICE,6/16/04 0:00,SPENCER UNC,35.9149085,-79.04936,6/16/04 0:00,2
2004001646,CALLS FOR SERVICE,6/16/04 0:00,AYCOCK FAMILY MEDICINE UNC,35.89866,-79.0378815,6/16/04 0:00,2
2004001647,,6/17/04 0:00,FOREST THEATRE UNC,35.9134282,-79.04492239999999,6/17/04 0:00,
2004001648,,6/17/04 0:00,BUSINESS SCHOOL PARKIN UNC,35.8996959,-79.04623149999999,6/17/04 0:00,
2004001649,VANDALISM - DAMAGE TO PROPERTY OR PERSONAL PROP,6/17/04 0:00,FINLEY GLF CRSE RD 212 UNC,35.9025189,-79.0196029,6/16/04 0:00,2
2004001650,,6/17/04 0:00,RALEIGH STREET AND SOUTH ROAD,Failure on RALEIGH STREET AND SOUTH ROAD,Failure on RALEIGH STREET AND SOUTH ROAD,6/17/04 0:00,
2004001651,,6/17/04 0:00,SOUTH ROAD,41.6461466,-73.9239061,6/17/04 0:00,
2004001652,,6/17/04 0:00,BOWLES DRIVE AT MANNING DR,35.9009838,-79.0400063,6/17/04 0:00,
2004001653,,6/17/04 0:00,GATE 2 KENAN STADIUM,35.9068152,-79.0477324,6/17/04 0:00,
2004001654,,6/17/04 0:00,AMBULATORY CARE CENTER UNC,35.90054,-79.0562893,6/17/04 0:00,
2004001655,,6/18/04 0:00,LOT,44.9509263,-116.1028528,6/18/04 0:00,
2004001656,,6/18/04 0:00,EVERETT UNC,35.9044647,-79.04482709999999,6/18/04 0:00,
2004001657,,6/18/04 0:00,SOUTH COLUMBIA NEAR CAMERON,38.93125,-92.3941892,6/18/04 0:00,
2004001658,FRAUD-OBT PROPERTY,6/18/04 0:00,GRAHAM STUDENT UNION UNC,35.9102721,-79.0477239,6/17/04 0:00,4
2004001659,,6/18/04 0:00,PHILLIPS UNC,35.910878,-79.0525881,6/18/04 0:00,
2004001660,,6/18/04 0:00,CARMICHAEL RES HALL UNC,35.9082038,-79.04584299999999,6/18/04 0:00,
2004001661,LARCENY - MISDEMEANOR,6/18/04 0:00,STADIUM DRIVE PARKING LOT UNC,35.9068152,-79.0477324,6/18/04 0:00,2
2004001662,,6/18/04 0:00,MANNING,33.6951627,-80.2109134,6/18/04 0:00,
2004001663,,6/18/04 0:00,MANNING DR  AFTER WEST DR,35.9036616,-79.0491703,6/18/04 0:00,
2004001664,LARCENY - BREAKING AND ENTERING,6/19/04 0:00,PITTSBORO ST,35.9071584,-79.05477560000001,6/19/04 0:00,4
2004001665,ASSIST EMS,6/19/04 0:00,MANNING DR.,35.9034237,-79.0437316,6/19/04 0:00,2
2004001666,ASSIST EMS,6/20/04 0:00,FINLEY FIELDS,35.897016,-79.0221,6/20/04 0:00,2
2004001667,,6/20/04 0:00,COUNTRY CLUB //  GIMGHOUL,Failure on COUNTRY CLUB //  GIMGHOUL,Failure on COUNTRY CLUB //  GIMGHOUL,6/20/04 0:00,
2004001668,LARCENY - MISDEMEANOR,6/20/04 0:00,FETZER GYM ROBERT A UNC,35.9049122,-79.0469134,6/20/04 0:00,4
2004001669,,6/21/04 0:00,MANNING DR/HOSP MAIN,35.89866,-79.0378815,6/21/04 0:00,
2004001670,LARCENY OF BICYCLE,6/21/04 0:00,DAVIS LIBRARY (OUTSIDE OF ENTRANCE),35.911048,-79.04805499999999,6/19/04 0:00,4
2004001671,,6/21/04 0:00,DENTAL SCHOOL ENTR //  MANNING,Failure on DENTAL SCHOOL ENTR //  MANNING,Failure on DENTAL SCHOOL ENTR //  MANNING,6/21/04 0:00,
2004001672,,6/21/04 0:00,PEABODY UNC,35.9105059,-79.0533698,6/21/04 0:00,
2004001673,,6/21/04 0:00,ADMINISTRATIVE OFFICE UNC,35.908746,-79.0295977,6/21/04 0:00,
2004001674,EMS ASSIST,6/21/04 0:00,GRAHAM STUDENT UNION UNC (STEPS),Failure on GRAHAM STUDENT UNION UNC (STEPS),Failure on GRAHAM STUDENT UNION UNC (STEPS),6/21/04 0:00,2
2004001675,LARCENY - FELONY,6/21/04 0:00,FORDHAM HALL UNC,35.9082359,-79.0511052,6/20/04 0:00,4
2004001676,,6/21/04 0:00,BELL TOWER UNC,35.9086047,-79.04919509999999,6/21/04 0:00,
2004001677,,6/21/04 0:00,HOSPITALS UNIV OF NC UNC,35.9049122,-79.0469134,6/21/04 0:00,
2004001678,,6/21/04 0:00,MANNING DR/SOUTH COLUMBIA ST,40.7171876,-73.9801753,6/21/04 0:00,
2004001679,,6/22/04 0:00,DOGWOOD,41.2377689,-77.0236831,6/22/04 0:00,
2004001680,,6/22/04 0:00,KENAN CENTER UNC,35.900198,-79.045746,6/22/04 0:00,
2004001681,,6/22/04 0:00,SOUTH COLUMBIA @ HANES ART,35.9123693,-79.0543987,6/22/04 0:00,
2004001682,,6/22/04 0:00,HIBBARD DRIVE AND MANNING,35.9029639,-79.04884679999999,6/22/04 0:00,
2004001683,,6/22/04 0:00,MERRITTS STORE PARKING LOT AREA,35.8960387,-79.0582702,6/22/04 0:00,
2004001684,,6/22/04 0:00,PITTSBORO// MCAULEY,Failure on PITTSBORO// MCAULEY,Failure on PITTSBORO// MCAULEY,6/22/04 0:00,
2004001685,,6/22/04 0:00,WESTWOOD AND COLUMBIA,41.4494072,-81.9025374,6/22/04 0:00,
2004001693,,6/23/04 0:00,HA II DOGWOOD PARKING UNC,Failure on HA II DOGWOOD PARKING UNC,Failure on HA II DOGWOOD PARKING UNC,6/23/04 0:00,
2004001694,,6/23/04 0:00,MANNING @ SKIPPER BOWLES,35.9009838,-79.0400063,6/23/04 0:00,
2004001695,INDECENT EXPOSURE,6/23/04 0:00,GYM COMPLEX FETZER FIELD,35.9085415,-79.04455399999999,6/23/04 0:00,3
2004001696,,6/23/04 0:00,MANNING @ WEST DR.,35.9037368,-79.05265460000001,6/23/04 0:00,
2004001697,,6/23/04 0:00,EAST DR @ MANNING,35.9034002,-79.0516384,6/23/04 0:00,
2004001698,,6/23/04 0:00,CRAIGE DECK,35.9027843,-79.04706329999999,6/23/04 0:00,
2004001699,,6/23/04 0:00,PAUL GRN THEATRE UNC,35.9118408,-79.0438477,6/23/04 0:00,
2004001700,,6/24/04 0:00,ATM DR,32.87343,-96.45262799999999,6/24/04 0:00,
2004001701,LOST PROPERTY,6/24/04 0:00,LENOIR HALL,35.9105969,-79.04874819999999,6/24/04 0:00,2
2004001702,LARCENY - BREAKING AND ENTERING,6/24/04 0:00,ADMINISTRATIVE OFFICE UNC,Failure on ADMINISTRATIVE OFFICE UNC,Failure on ADMINISTRATIVE OFFICE UNC,6/23/04 0:00,4
2004001703,HARASSING TELEPHONE / E-MAILS,6/24/04 0:00,CARRINGTON HALL UNC,Failure on CARRINGTON HALL UNC,Failure on CARRINGTON HALL UNC,6/24/04 0:00,3
2004001704,,6/24/04 0:00,SURPLUS,40.2142628,-111.6573628,6/24/04 0:00,
2004001705,,6/24/04 0:00,CG VALET LOT,Failure on CG VALET LOT,Failure on CG VALET LOT,6/24/04 0:00,
2004001706,,6/24/04 0:00,MANNING DR @ SKIPPER BOWLES,35.9009838,-79.0400063,6/24/04 0:00,
2004001707,TRESPASSING - SECOND DEGREE,6/24/04 0:00,WEST FRANKLIN,38.6084758,-95.4461255,6/24/04 0:00,2
2004001708,,6/24/04 0:00,HOUSE LIBRARY R B UNC,35.909779,-79.049027,6/24/04 0:00,
2004001709,,6/24/04 0:00,HOUSE LIBRARY R B UNC,35.909779,-79.049027,6/24/04 0:00,
2004001710,TRESPASSING - SECOND DEGREE,6/24/04 0:00,MANNING UNC,35.9049122,-79.0469134,6/24/04 0:00,3
2004001711,,6/24/04 0:00,SMITH LOT,35.899446,-79.0439761,6/24/04 0:00,
2004001713,EMS CALL,6/25/04 0:00,AMBULATORY CARE CENTER UNC,35.90054,-79.0562893,6/25/04 0:00,2
2004001714,,6/25/04 0:00,STADIUM DR/RIDGE RD,Failure on STADIUM DR/RIDGE RD,Failure on STADIUM DR/RIDGE RD,6/25/04 0:00,
2004001715,,6/25/04 0:00,HALL,Failure on HALL,Failure on HALL,6/25/04 0:00,
2004001717,VANDALISM - INJURIES OR TAMPERS WITH VEHICLE,6/25/04 0:00,PVA (HINTON JAMES LOWER LOT),Failure on PVA (HINTON JAMES LOWER LOT),Failure on PVA (HINTON JAMES LOWER LOT),6/16/04 0:00,4
2004001718,LARCENY FROM A VEHICLE,6/25/04 0:00,EHRINGHAUS FIELD PARKING LOT UNC,35.9049122,-79.0469134,6/20/04 0:00,4
2004001719,CALLS FOR SERVICE,6/25/04 0:00,FETZER GYM ROBERT A UNC,35.9049122,-79.0469134,6/25/04 0:00,2
2004001720,,6/25/04 0:00,MANGUM UNC,35.9044647,-79.04482709999999,6/25/04 0:00,
2004001712,VANDALISM - INJURIES OR TAMPERS WITH VEHICLE,6/25/04 3:33,HINTON JAMES PARKING LOT UNC,35.9023847,-79.0432848,6/25/04 3:33,4
2004001716,VANDALISM - INJURIES OR TAMPERS WITH VEHICLE,6/25/04 14:22,HINTON JAMES PARKING LOT UNC,35.9023847,-79.0432848,6/25/04 14:22,4
2004001721,,6/26/04 0:00,DOGWOOD DECK 2 C,35.9034287,-79.0514427,6/26/04 0:00,
2004001722,,6/26/04 0:00,MANNING // H JSMES,33.5569917,-80.19869249999999,6/26/04 0:00,
2004001724,,6/26/04 0:00,MANNING  /// SO. COLUMBIA,34.080501,-80.98962949999999,6/26/04 0:00,
2004001725,,6/26/04 0:00,ABERNETHY UNC,35.9114677,-79.0542957,6/26/04 0:00,
2004001723,LARCENY FROM A VEHICLE,6/26/04 11:55,HWY 54 LOT,35.900457,-78.894212,6/25/04 20:00,4
2004001726,,6/27/04 0:00,FRONT OF VENABLE HALL,37.2403758,-78.46102979999999,6/27/04 0:00,
2004001727,,6/27/04 0:00,PITTSBORO ST/S COLUMBIA ST,35.905413,-79.05346999999999,6/27/04 0:00,
2004001728,,6/27/04 0:00,CAMERON AVE / S COLUMBIA,38.93125,-92.3941892,6/27/04 0:00,
2004001729,LARCENY/MISDEMEANOR,6/28/04 0:00,VENABLE UNC,35.9049122,-79.0469134,6/25/04 0:00,4
2004001730,,6/28/04 0:00,MANNIG DRIVE @ ER DRIVE,35.90356,-79.05185999999999,6/28/04 0:00,
2004001731,,6/28/04 0:00,MANNING DRIVE AND EAST DRIVE,35.9034002,-79.0516384,6/28/04 0:00,
2004001732,,6/28/04 0:00,MORRISON CIRCLE PARKING LOT UNC,Failure on MORRISON CIRCLE PARKING LOT UNC,Failure on MORRISON CIRCLE PARKING LOT UNC,6/28/04 0:00,
2004001733,,6/28/04 0:00,SKIPPER BOWLES DRIVE AT HINTON JAMES,35.90168,-79.043937,6/28/04 0:00,
2004001734,EMS ASSIST,6/28/04 0:00,FETZER GYM ROBERT A UNC,35.9049122,-79.0469134,6/28/04 0:00,2
2004001735,,6/28/04 0:00,MANNING AND EAST,35.9034002,-79.0516384,6/28/04 0:00,
2004001736,LARCENY/MISDEMEANOR,6/28/04 0:00,WOOLLEN GYM SOUTH RD,35.910182,-79.045154,5/8/04 0:00,3
2004001738,SUSPICIOUS CONDITION,6/28/04 0:00,HOSPITAL VALET LOT UNC,35.9039886,-79.0495033,3/8/04 0:00,2
2004001739,,6/28/04 0:00,PITTSBORO / CAROLINA INN,35.9099368,-79.05456020000001,6/28/04 0:00,
2004001740,,6/28/04 0:00,CRAIG NORTH AND SOUTH,43.7165011,-79.3933945,6/28/04 0:00,
2004001737,EMS ASSIST,6/28/04 14:20,MORRISON UNC,35.9045132,-79.0462075,6/28/04 14:20,1
2004001741,,6/29/04 0:00,MANNING //  HOSP ENTR,Failure on MANNING //  HOSP ENTR,Failure on MANNING //  HOSP ENTR,6/29/04 0:00,
2004001742,,6/29/04 0:00,HA II DOGWOOD PARKING UNC,35.902462,-79.05161700000001,6/29/04 0:00,
2004001743,,6/29/04 0:00,MASON FARM RD. CONST SITE,35.902135,-79.05475,6/29/04 0:00,
2004001744,LARCENY-FELONY,6/29/04 0:00,DANIELS RD CARPENTRY SHOP UNC,Failure on DANIELS RD CARPENTRY SHOP UNC,Failure on DANIELS RD CARPENTRY SHOP UNC,6/26/04 0:00,3
2004001745,TRESPASSING - SECOND DEGREE,6/29/04 0:00,BYNUM CIRCLE PARKING LOT UNC,35.9049122,-79.0469134,6/29/04 0:00,2
2004001746,,6/29/04 0:00,S COLUMBIA ST/N MEDICAL DR,34.0326939,-81.0341914,6/29/04 0:00,
2004001748,LARCENY/MISDEMEANOR,6/29/04 0:00,HILL UNC,35.9049122,-79.0469134,6/29/04 0:00,4
2004001749,,6/29/04 0:00,CRAIGE DECK LEVEL TWO,Failure on CRAIGE DECK LEVEL TWO,Failure on CRAIGE DECK LEVEL TWO,6/29/04 0:00,
2004001750,,6/29/04 0:00,AYCOCK FAMILY MEDICINE UNC,35.89866,-79.0378815,6/29/04 0:00,
2004001747,EMS ASSIST,6/29/04 15:32,BEARD HALL,40.8034309,-74.4494027,6/29/04 15:32,2
2004001751,,6/30/04 0:00,S COLUMBIA ST/E CAMERON AVE,37.7533398,-78.1606181,6/30/04 0:00,
2004001752,EMS ASSIST,6/30/04 0:00,GREENLAW UNC,35.9049122,-79.0469134,6/30/04 0:00,2
2004001753,,6/30/04 0:00,SKIPPER BOWLES  /SAC,Failure on SKIPPER BOWLES  /SAC,Failure on SKIPPER BOWLES  /SAC,6/30/04 0:00,
2004001754,,6/30/04 0:00,MANNING  // ER DRIVE,41.887702,-87.6227,6/30/04 0:00,
2004001755,EMS ASSIST,6/30/04 0:00,FRIDAY CENTER DR,35.8981588,-79.0113349,6/30/04 0:00,
2004001756,LARCENY-FELONY,6/30/04 0:00,GREENLAW UNC,35.9049122,-79.0469134,6/30/04 0:00,4
2004001757,EMS ASSIST,6/30/04 0:00,HINTON JAMES UNC,35.9020881,-79.0427632,6/30/04 0:00,2
2004001758,,6/30/04 0:00,STUDENT HLTH LOT,Failure on STUDENT HLTH LOT,Failure on STUDENT HLTH LOT,6/30/04 0:00,
2004001759,LARCENY FROM VEHICLE,6/30/04 0:00,UNDERGRAD PARKING LOT UNC,35.9049122,-79.0469134,6/30/04 0:00,4
2004001760,,6/30/04 0:00,VAN HECKEWETTCH UNC,35.9049122,-79.0469134,6/30/04 0:00,
2004001761,SUSPICOUS CONDITION,7/1/04 0:00,MORRISON UNC,35.9045132,-79.0462075,7/1/04 0:00,2
2004001762,BELATED INJURY REPORT,7/1/04 0:00,STACY UNC,35.9044647,-79.04482709999999,6/25/04 0:00,
2004001763,,7/1/04 0:00,UNC ER,35.9039886,-79.0495033,7/1/04 0:00,
2004001764,LARCENY FROM A BLDG.,7/1/04 0:00,PERSON UNC,35.9049122,-79.0469134,7/1/04 0:00,4
2004001766,,7/2/04 0:00,SOUTH SIDE AREA 1,40.6484989,-73.576092,7/2/04 0:00,
2004001767,,7/2/04 0:00,LOT,44.9509263,-116.1028528,7/2/04 0:00,
2004001768,,7/2/04 0:00,LENOIR DINNING HALL,35.910521,-79.0487036,7/2/04 0:00,
2004001769,,7/2/04 0:00,SMITH CTR,39.7791786,-98.7850749,7/2/04 0:00,
2004001770,VANDALISM - DAMAGE TO PROPERTY,7/2/04 0:00,OUTDOOR RECREATION PARKING LOT UNC,Failure on OUTDOOR RECREATION PARKING LOT UNC,Failure on OUTDOOR RECREATION PARKING LOT UNC,7/2/04 0:00,2
2004001771,,7/2/04 0:00,MCCAULEY //  COLUMBIA,40.9528643,-76.33466380000002,7/2/04 0:00,
2004001772,VANDALISM - DAMAGE TO PROPERTY OR PERSONAL PROP,7/2/04 0:00,WILSON LIBRARY UNC,35.9094345,-79.04972769999999,7/1/04 0:00,1
2004001773,,7/2/04 0:00,MCCAULEY ST,35.9069954,-79.05783989999999,7/2/04 0:00,
2004001774,,7/2/04 0:00,RALEIGH ST / 54 LOT,39.7179186,-105.0420895,7/2/04 0:00,
2004001775,,7/3/04 0:00,RALEIGH RD  GLENN LENNOX,35.9081505,-79.02384099999999,7/3/04 0:00,
2004001776,,7/3/04 0:00,GLEN LENNOX,35.9081505,-79.02384099999999,7/3/04 0:00,
2004001777,,7/3/04 0:00,MOREHEAD PLANETARIUM UNC,35.9139033,-79.05051,7/3/04 0:00,
2004001778,,7/3/04 0:00,CAMERON  AT PEA BODY HALL,29.6501213,-82.3420524,7/3/04 0:00,
2004001779,,7/3/04 0:00,HOSPITALS UNIV OF NC UNC,Failure on HOSPITALS UNIV OF NC UNC,Failure on HOSPITALS UNIV OF NC UNC,7/3/04 0:00,
2004001780,,7/4/04 0:00,PAST GLENN LENNOX,35.9081505,-79.02384099999999,7/4/04 0:00,
2004001781,,7/4/04 0:00,UNIVERSITY INN,47.6581449,-122.3174264,7/4/04 0:00,
2004001782,,7/4/04 0:00,MANNING DR    THURSTON BOWLES,35.9038441,-79.0544743,7/4/04 0:00,
2004001783,,7/4/04 0:00,PVA   GLENN LENNOX,Failure on PVA   GLENN LENNOX,Failure on PVA   GLENN LENNOX,7/4/04 0:00,3
2004001784,,7/4/04 0:00,SPENCER DORM,40.583048,-74.16523939999999,7/4/04 0:00,
2004001785,,7/4/04 0:00,HOOKER FIELD,36.69654180000001,-79.85383209999999,7/4/04 0:00,
2004001786,,7/4/04 0:00,BELLTOWER,26.5494838,-81.8681417,7/4/04 0:00,
2004001787,,7/4/04 0:00,SOUTH RD,41.6461466,-73.9239061,7/4/04 0:00,
2004001793,FIRE ALARM DUE TO FIRE WORDS,7/4/04 0:00,CRAIG DORM SOUTH (2ND LEVEL),Failure on CRAIG DORM SOUTH (2ND LEVEL),Failure on CRAIG DORM SOUTH (2ND LEVEL),7/4/04 0:00,2
2004001788,,7/5/04 0:00,GLENN LENNOX,35.9081505,-79.02384099999999,7/5/04 0:00,
2004001789,,7/5/04 0:00,MANNING DRIVE @ EHAUS,35.903242,-79.04329500000001,7/5/04 0:00,
2004001790,,7/5/04 0:00,SKIPPER BOWLES DRIVE@ MANNING LOT,35.9000873,-79.0395874,7/5/04 0:00,
2004001791,LARCENY-FELONY,7/5/04 0:00,MED SCHOOL PARKING AREA,42.2772479,-71.76107139999999,7/2/04 0:00,4
2004001792,,7/6/04 0:00,NEAR CH 54 LOT ASSISTING CH,46.766595,6.650484,7/6/04 0:00,
2004001794,,7/6/04 0:00,BOWLES PARKING LOT UNC,35.9049122,-79.0469134,7/6/04 0:00,
2004001795,LARCENY FROM A VEHICLE,7/6/04 0:00,GILES HORNEY PARKING LOT (OVERFLOW),Failure on GILES HORNEY PARKING LOT (OVERFLOW),Failure on GILES HORNEY PARKING LOT (OVERFLOW),6/25/04 0:00,2
2004001796,,7/6/04 0:00,BELL TOWER PARKING LOT UNC,35.9067103,-79.0500641,7/6/04 0:00,
2004001797,LARCENY/MISDEMEANOR,7/6/04 0:00,CARR MILL MALL UNC,35.9115184,-79.0711771,7/6/04 0:00,4
2004001798,LARCENY/MISDEMEANOR,7/6/04 0:00,FETZER GYM ROBERT A UNC,35.9049122,-79.0469134,7/6/04 0:00,2
2004001799,,7/6/04 0:00,S COLUMBIA / CAROLINA INN,Failure on S COLUMBIA / CAROLINA INN,Failure on S COLUMBIA / CAROLINA INN,7/6/04 0:00,
2004001800,WELL BEING CHECK/SUICIDE THREAT,7/7/04 0:00,WHITEHEAD UNC,35.9036616,-79.0491703,7/7/04 0:00,2
2004001801,HARASSING E-MAILS,7/7/04 0:00,AYCOCK DORM,36.005756,-78.9141144,6/28/04 0:00,4
2004001802,,7/7/04 0:00,FRIDAY CENTER UNC,35.8999429,-79.01254899999999,7/7/04 0:00,
2004001803,,7/7/04 0:00,CONNOR UNC,35.9108235,-79.04607349999999,7/7/04 0:00,
2004001804,LARCENY OF A LAPTOP,7/7/04 0:00,BYNUM UNC,35.9052623,-79.0509735,7/6/04 0:00,4
2004001805,,7/7/04 0:00,DANIELS RD/MASON FARM RD,35.9017871,-79.0535197,7/7/04 0:00,
2004001806,,7/7/04 0:00,TAYLOR STUDENT HEALTH UNC,35.9058885,-79.0494961,7/7/04 0:00,
2004001807,LARCENY FROM A VEHICLE,7/7/04 0:00,SMITH PARKING LOT (S-11),40.6889648,-73.9887378,7/7/04 0:00,4
2004001808,,7/7/04 0:00,SOUTH COLUMBIA,34.0007104,-81.0348144,7/7/04 0:00,
2004027075,CALLS FOR SERVICE,7/7/04 0:00, WHITEHEAD DORM,35.90866,-79.05368,7/7/04 0:00,1
2004001809,,7/8/04 0:00,SO COLUMBIA //  CAROLINA IN,34.0007104,-81.0348144,7/8/04 0:00,
2004001810,NON-CRIMINAL PROPERTY DAMAGE TO A VEHICLE,7/8/04 0:00,BOWLES PARKING LOT UNC,35.9049122,-79.0469134,7/8/04 0:00,2
2004001811,,7/8/04 0:00,MANNING  //  WEST,41.9091382,-95.0651328,7/8/04 0:00,
2004001812,LARCENY - MISDEMEANOR,7/8/04 0:00,FETZER GYM ROBERT A UNC,35.9049122,-79.0469134,7/8/04 0:00,4
2004001813,LARCENY OF A LAPTOP,7/8/04 0:00,CARMICHAEL AUDITORIUM UNC,35.9095693,-79.0454614,7/8/04 0:00,4
2004001814,,7/8/04 0:00,MANNING DR/EAST DR,40.851229,-73.31065699999999,7/8/04 0:00,
2004001815,,7/9/04 0:00,SOUTH COLUMBIA @MASON FARM,35.9020137,-79.0570286,7/9/04 0:00,1
2004001816,,7/9/04 0:00,REAR OF DENTAL SCHOOL,43.038376,-87.93611399999999,7/9/04 0:00,
2004001817,VANDALISM - DAMAGE TO PROPERTY OR PERSONAL PROP,7/10/04 0:00,SPENCER UNC,35.9149085,-79.04936,7/10/04 0:00,4
2004001818,DRUGS- EQUIPMENT/PARAPHERNALIA - POSSESSING/C,7/10/04 0:00, SPENCER DORM (RM 232),40.583048,-74.16523939999999,7/10/04 0:00,3
2004001819,VANDALISM - DAMAGE TO PROPERTY OR PERSONAL PROP,7/10/04 0:00,S-11 PARKING LOT,35.9039886,-79.0495033,7/9/04 0:00,2
2004001820,,7/11/04 0:00,RIDGE RD COUNTRYCLUB RD,43.209392,-77.7274889,7/11/04 0:00,
2004001821,,7/11/04 0:00,EXIT TO GEN ADMIN,Failure on EXIT TO GEN ADMIN,Failure on EXIT TO GEN ADMIN,7/11/04 0:00,
2004001822,,7/11/04 0:00,S COLUMBIA BY SITTERSON,Failure on S COLUMBIA BY SITTERSON,Failure on S COLUMBIA BY SITTERSON,7/11/04 0:00,
2004001823,,7/11/04 0:00,PITTSBORO @ CAROLINA INN,35.9099368,-79.05456020000001,7/11/04 0:00,
2004001824,,7/11/04 0:00,RALEIGH RD @ HWY 54,35.9084764,-79.0261707,7/11/04 0:00,
2004001825,LARCENY FROM A VEHICLE,7/11/04 19:34,LOWER HINTON JAMES PARKING,Failure on LOWER HINTON JAMES PARKING,Failure on LOWER HINTON JAMES PARKING,7/8/04 18:00,4
2004001826,ASSIST EMS,7/12/04 0:00,DAVIS WALTER R LIBRARY UNC/,35.9049122,-79.0469134,7/12/04 0:00,2
2004001827,,7/12/04 0:00,PITTSBORO ST/WESLEY FOUND,Failure on PITTSBORO ST/WESLEY FOUND,Failure on PITTSBORO ST/WESLEY FOUND,7/12/04 0:00,
2004001828,,7/13/04 0:00,BELL TOWER,Failure on BELL TOWER,Failure on BELL TOWER,7/13/04 0:00,
2004001829,,7/13/04 0:00,RALEIGH RD ACROSS FROM RALIEGH DIOSECE O,35.887132,-78.68006380000001,7/13/04 0:00,
2004001830, VANDALISM- DAMAGE TO PROPERTY,7/13/04 0:00,CARDNIAL DECK,38.74489,-90.640648,7/13/04 0:00,2
2004001831,VANDALISM - DAMAGE TO PROPERTY OR PERSONAL PROP,7/13/04 0:00,HA II DOGWOOD PARKING UNC,35.902462,-79.05161700000001,7/12/04 0:00,2
2004001832,MV THEFT - AUTOMOBILE,7/13/04 0:00,AIRPORT RD 725 (KRON) UNC,Failure on AIRPORT RD 725 (KRON) UNC,Failure on AIRPORT RD 725 (KRON) UNC,7/13/04 0:00,4
2004001833,,7/13/04 0:00,MCCAULEY ST,35.9069954,-79.05783989999999,7/13/04 0:00,
2004001834,,7/13/04 0:00,PEABODY&  CAMERON AVE,42.4860082,-70.94649059999999,7/13/04 0:00,
2004001835,,7/14/04 0:00,HINTON JAMES UNC,35.9020881,-79.0427632,7/14/04 0:00,
2004001836,,7/14/04 0:00,CAMERON AV,40.153918,-83.00003430000001,7/14/04 0:00,
2004001837,,7/14/04 0:00,SOUTH COLUMBIA/CAMERON,34.057847,-81.02627,7/14/04 0:00,
2004001838,,7/14/04 0:00,SOUTH COLUMBIA/MASON FARM,38.9618679,-82.068742,7/14/04 0:00,
2004001839,,7/14/04 0:00,SOUTH COLUMBIA   MASON FARM RD,38.9618679,-82.068742,7/14/04 0:00,
2004001840,,7/14/04 0:00,GLEN LENNOX,35.9081505,-79.02384099999999,7/14/04 0:00,
2004001841,,7/14/04 0:00,CAMERON AVE AND MAULLETT,43.272291,-79.945244,7/14/04 0:00,
2004001842,,7/14/04 0:00,MANNING DRIVE /// FAMILY PRACTICE,35.89866,-79.0378815,7/14/04 0:00,
2004001843,LARCENY/MISDEMEANOR,7/14/04 0:00,HA II DOGWOOD PARKING UNC,35.902462,-79.05161700000001,7/13/04 0:00,3
2004001844,,7/14/04 0:00,KINGWOOD APTMENTS,30.048937,-95.244114,7/14/04 0:00,
2004001845,,7/14/04 0:00,EAST CAMERON AND  RALEIGH,35.91318589999999,-79.0478864,7/14/04 0:00,
2004001846,,7/14/04 0:00,MANNING DRIVE NEAR CRAIGE DECK,35.9027843,-79.04706329999999,7/14/04 0:00,
2004001847,INFORMATION-ABANDONED VEHICLE,7/14/04 0:00,WOODED SITE NEAR UNC IMPOUND LOT,Failure on WOODED SITE NEAR UNC IMPOUND LOT,Failure on WOODED SITE NEAR UNC IMPOUND LOT,7/14/04 0:00,2
